Team 1,Team 2,Winner,Margin,Ground,Match Date,Scorecard
Ivory Coast,Sierra Leone,Sierra Leone,168 runs,Lagos,"Nov 23, 2024",T20I # 2974
Nigeria,St Helena,Nigeria,118 runs,Lagos,"Nov 23, 2024",T20I # 2975
Qatar,Cambodia,Qatar,48 runs,Doha,"Nov 23, 2024",T20I # 2973
Botswana,Eswatini,Botswana,48 runs,Lagos,"Nov 23, 2024",T20I # 2972
Bahrain,Bhutan,Bahrain,90 runs,Doha,"Nov 23, 2024",T20I # 2970
Thailand,U.A.E.,U.A.E.,155 runs,Doha,"Nov 23, 2024",T20I # 2971
Bhutan,Saudi Arabia,Saudi Arabia,85 runs,Doha,"Nov 22, 2024",T20I # 2969
Cambodia,U.A.E.,U.A.E.,5 wickets,Doha,"Nov 22, 2024",T20I # 2967
Bahrain,Thailand,Thailand,2 wickets,Doha,"Nov 22, 2024",T20I # 2968
Saudi Arabia,U.A.E.,U.A.E.,17 runs,Doha,"Nov 20, 2024",T20I # 2966
Cambodia,Thailand,Thailand,16 runs,Doha,"Nov 20, 2024",T20I # 2964
Qatar,Bhutan,Qatar,6 wickets,Doha,"Nov 20, 2024",T20I # 2965
Bahrain,Saudi Arabia,Bahrain,3 runs,Doha,"Nov 19, 2024",T20I # 2963
Qatar,Thailand,Qatar,5 wickets,Doha,"Nov 19, 2024",T20I # 2961
Bhutan,U.A.E.,U.A.E.,63 runs,Doha,"Nov 19, 2024",T20I # 2962
Indonesia,Myanmar,Indonesia,4 wickets,Bali,"Nov 19, 2024",T20I # 2960
Australia,Pakistan,Australia,7 wickets,Hobart,"Nov 18, 2024",T20I # 2959
West Indies,England,no result,-,Gros Islet,"Nov 17, 2024",T20I # 2958
Indonesia,Myanmar,Indonesia,114 runs,Bali,"Nov 17, 2024",T20I # 2957
West Indies,England,West Indies,5 wickets,Gros Islet,"Nov 16, 2024",T20I # 2956
Oman,Netherlands,Netherlands,29 runs,Al Amerat,"Nov 16, 2024",T20I # 2955
Australia,Pakistan,Australia,13 runs,Sydney,"Nov 16, 2024",T20I # 2954
Indonesia,Myanmar,Indonesia,4 wickets,Bali,"Nov 16, 2024",T20I # 2953
South Africa,India,India,135 runs,Johannesburg,"Nov 15, 2024",T20I # 2952
Indonesia,Myanmar,Indonesia,5 wickets,Bali,"Nov 15, 2024",T20I # 2951
West Indies,England,England,3 wickets,Gros Islet,"Nov 14, 2024",T20I # 2950
Oman,Netherlands,Netherlands,50 runs,Al Amerat,"Nov 14, 2024",T20I # 2949
Australia,Pakistan,Australia,29 runs,Brisbane,"Nov 14, 2024",T20I # 2948
South Africa,India,India,11 runs,Centurion,"Nov 13, 2024",T20I # 2947
Oman,Netherlands,Oman,3 wickets,Al Amerat,"Nov 13, 2024",T20I # 2946
Indonesia,Myanmar,Indonesia,9 wickets,Bali,"Nov 13, 2024",T20I # 2945
Indonesia,Myanmar,Indonesia,136 runs,Bali,"Nov 12, 2024",T20I # 2944
West Indies,England,England,7 wickets,Bridgetown,"Nov 10, 2024",T20I # 2943
South Africa,India,South Africa,3 wickets,Gqeberha,"Nov 10, 2024",T20I # 2942
Sri Lanka,New Zealand,New Zealand,5 runs,Dambulla,"Nov 10, 2024",T20I # 2941
West Indies,England,England,8 wickets,Bridgetown,"Nov 9, 2024",T20I # 2940
Sri Lanka,New Zealand,Sri Lanka,4 wickets,Dambulla,"Nov 9, 2024",T20I # 2939
South Africa,India,India,61 runs,Durban,"Nov 8, 2024",T20I # 2938
Uganda,Bahrain,Uganda,8 wickets,Jinja,"Oct 29, 2024",T20I # 2937
Uganda,Bahrain,Bahrain,17 runs,Jinja,"Oct 28, 2024",T20I # 2936
Kenya,Zimbabwe,Zimbabwe,61 runs,Nairobi (Gym),"Oct 24, 2024",T20I # 2934
Gambia,Mozambique,Mozambique,6 wickets,Nairobi (Ruaraka),"Oct 24, 2024",T20I # 2935
Rwanda,Seychelles,Rwanda,73 runs,Nairobi (Ruaraka),"Oct 24, 2024",T20I # 2933
Bhutan,Indonesia,Bhutan,1 wicket,Gelephu,"Oct 24, 2024",T20I # 2932
Mozambique,Rwanda,Mozambique,7 wickets,Nairobi (Gym),"Oct 23, 2024",T20I # 2930
Gambia,Zimbabwe,Zimbabwe,290 runs,Nairobi (Ruaraka),"Oct 23, 2024",T20I # 2931
Bhutan,Maldives,Maldives,7 wickets,Gelephu,"Oct 23, 2024",T20I # 2929
Kenya,Seychelles,Kenya,9 wickets,Nairobi (Ruaraka),"Oct 23, 2024",T20I # 2928
Indonesia,Thailand,Thailand,66 runs,Gelephu,"Oct 23, 2024",T20I # 2927
Kenya,Gambia,Kenya,129 runs,Nairobi (Gym),"Oct 22, 2024",T20I # 2925
Rwanda,Zimbabwe,Zimbabwe,149 runs,Nairobi (Ruaraka),"Oct 22, 2024",T20I # 2926
Bhutan,Indonesia,Bhutan,56 runs,Gelephu,"Oct 22, 2024",T20I # 2924
Mozambique,Seychelles,Mozambique,60 runs,Nairobi (Gym),"Oct 22, 2024",T20I # 2923
Maldives,Thailand,Thailand,44 runs,Gelephu,"Oct 22, 2024",T20I # 2922
U.S.A.,Nepal,Nepal,8 wickets,Dallas,"Oct 20, 2024",T20I # 2921
Kenya,Rwanda,Kenya,5 wickets,Nairobi (Gym),"Oct 20, 2024",T20I # 2920
Indonesia,Thailand,Thailand,6 wickets,Gelephu,"Oct 20, 2024",T20I # 2919
Mozambique,Zimbabwe,Zimbabwe,9 wickets,Nairobi (Gym),"Oct 20, 2024",T20I # 2918
Bhutan,Maldives,Bhutan,4 wickets,Gelephu,"Oct 20, 2024",T20I # 2917
U.S.A.,Nepal,tied,-,Dallas,"Oct 19, 2024",T20I # 2916
Seychelles,Zimbabwe,Zimbabwe,76 runs,Nairobi (Gym),"Oct 19, 2024",T20I # 2914
Kenya,Mozambique,Kenya,111 runs,Nairobi (Ruaraka),"Oct 19, 2024",T20I # 2915
Indonesia,Maldives,Maldives,23 runs,Gelephu,"Oct 19, 2024",T20I # 2913
Bhutan,Thailand,Thailand,77 runs,Gelephu,"Oct 19, 2024",T20I # 2912
Kenya,Seychelles,Kenya,91 runs,Nairobi,"Oct 18, 2024",T20I # 2911
U.S.A.,Nepal,Nepal,17 runs,Dallas,"Oct 17, 2024",T20I # 2910
Sri Lanka,West Indies,Sri Lanka,9 wickets,Dambulla,"Oct 17, 2024",T20I # 2909
Sri Lanka,West Indies,Sri Lanka,73 runs,Dambulla,"Oct 15, 2024",T20I # 2908
Sri Lanka,West Indies,West Indies,5 wickets,Dambulla,"Oct 13, 2024",T20I # 2907
Argentina,Mexico,Argentina,8 wickets,Seropedica,"Oct 13, 2024",T20I # 2906
Malawi,Rwanda,Rwanda,6 wickets,Blantyre,"Oct 13, 2024",T20I # 2905
India,Bangladesh,India,133 runs,Hyderabad,"Oct 12, 2024",T20I # 2904
Brazil,Mexico,Brazil,7 runs,Seropedica,"Oct 12, 2024",T20I # 2903
Malawi,Rwanda,Malawi,6 wickets,Blantyre,"Oct 12, 2024",T20I # 2902
Malawi,Rwanda,Malawi,5 runs,Blantyre,"Oct 12, 2024",T20I # 2901
Malawi,Rwanda,Rwanda,9 wickets,Blantyre,"Oct 10, 2024",T20I # 2900
India,Bangladesh,India,86 runs,Delhi,"Oct 9, 2024",T20I # 2899
Malawi,Rwanda,Rwanda,8 wickets,Blantyre,"Oct 9, 2024",T20I # 2898
India,Bangladesh,India,7 wickets,Gwalior,"Oct 6, 2024",T20I # 2897
Namibia,U.S.A.,U.S.A.,6 wickets,Windhoek,"Oct 5, 2024",T20I # 2896
Indonesia,Japan,Japan,144 runs,Incheon,"Oct 5, 2024",T20I # 2895
South Korea,Philippines,Philippines,101 runs,Incheon,"Oct 5, 2024",T20I # 2894
U.A.E.,U.S.A.,U.A.E.,6 runs,Windhoek,"Oct 4, 2024",T20I # 2893
South Korea,Japan,Japan,108 runs,Incheon,"Oct 4, 2024",T20I # 2892
Indonesia,Philippines,Indonesia,3 runs,Incheon,"Oct 4, 2024",T20I # 2891
Canada,Oman,Canada,5 wickets,King City (NW),"Oct 3, 2024",T20I # 2890
Nepal,Oman,Nepal,56 runs,King City (NW),"Oct 2, 2024",T20I # 2889
Namibia,U.A.E.,U.A.E.,6 wickets,Windhoek,"Oct 2, 2024",T20I # 2888
South Korea,Indonesia,Indonesia,27 runs,Incheon,"Oct 2, 2024",T20I # 2887
Japan,Philippines,Japan,27 runs,Incheon,"Oct 2, 2024",T20I # 2886
Canada,Nepal,Canada,4 wickets,King City (NW),"Oct 1, 2024",T20I # 2885
Namibia,U.S.A.,U.S.A.,13 runs,Windhoek,"Oct 1, 2024",T20I # 2884
South Korea,Philippines,Philippines,37 runs,Incheon,"Oct 1, 2024",T20I # 2883
Indonesia,Japan,Japan,53 runs,Incheon,"Oct 1, 2024",T20I # 2882
Canada,Oman,Oman,8 wickets,King City (NW),"Sep 30, 2024",T20I # 2880
Gibraltar,Serbia,Gibraltar,8 wickets,Gibraltar,"Sep 30, 2024",T20I # 2881
U.A.E.,U.S.A.,U.S.A.,15 runs,Windhoek,"Sep 30, 2024",T20I # 2879
Gibraltar,Serbia,Gibraltar,7 wickets,Gibraltar,"Sep 30, 2024",T20I # 2878
Nepal,Oman,Nepal,37 runs,King City (NW),"Sep 29, 2024",T20I # 2877
Ireland,South Africa,Ireland,10 runs,Abu Dhabi,"Sep 29, 2024",T20I # 2876
Namibia,U.A.E.,U.A.E.,40 runs,Windhoek,"Sep 29, 2024",T20I # 2875
South Korea,Japan,Japan,7 wickets,Incheon,"Sep 29, 2024",T20I # 2874
Indonesia,Philippines,Philippines,42 runs,Incheon,"Sep 29, 2024",T20I # 2873
Canada,Nepal,Canada,14 runs,King City (NW),"Sep 28, 2024",T20I # 2872
South Korea,Indonesia,Indonesia,2 wickets,Incheon,"Sep 28, 2024",T20I # 2871
Japan,Philippines,Japan,2 wickets,Incheon,"Sep 28, 2024",T20I # 2870
Ireland,South Africa,South Africa,8 wickets,Abu Dhabi,"Sep 27, 2024",T20I # 2869
Tanzania,Malawi,Tanzania,19 runs,Dar-es-Salaam,"Sep 26, 2024",T20I # 2868
Ghana,Mali,Ghana,10 wickets,Dar-es-Salaam,"Sep 26, 2024",T20I # 2866
Cameroon,Lesotho,Cameroon,9 wickets,Dar-es-Salaam,"Sep 26, 2024",T20I # 2867
Japan,Philippines,Japan,47 runs,Incheon,"Sep 26, 2024",T20I # 2865
Lesotho,Mali,Lesotho,112 runs,Dar-es-Salaam,"Sep 25, 2024",T20I # 2863
Cameroon,Malawi,Malawi,9 wickets,Dar-es-Salaam,"Sep 25, 2024",T20I # 2864
Tanzania,Ghana,Tanzania,7 wickets,Dar-es-Salaam,"Sep 25, 2024",T20I # 2862
Indonesia,Japan,Japan,4 runs,Incheon,"Sep 25, 2024",T20I # 2861
Tanzania,Cameroon,Tanzania,9 wickets,Dar-es-Salaam,"Sep 24, 2024",T20I # 2859
Malawi,Mali,Malawi,9 wickets,Dar-es-Salaam,"Sep 24, 2024",T20I # 2860
Ghana,Lesotho,Ghana,50 runs,Dar-es-Salaam,"Sep 24, 2024",T20I # 2858
Tanzania,Lesotho,Tanzania,122 runs,Dar-es-Salaam,"Sep 22, 2024",T20I # 2857
Cameroon,Mali,Cameroon,6 wickets,Dar-es-Salaam,"Sep 22, 2024",T20I # 2855
Ghana,Malawi,Malawi,25 runs,Dar-es-Salaam,"Sep 22, 2024",T20I # 2856
Cameroon,Ghana,Ghana,8 wickets,Dar-es-Salaam,"Sep 21, 2024",T20I # 2853
Tanzania,Mali,Tanzania,10 wickets,Dar-es-Salaam,"Sep 21, 2024",T20I # 2854
Lesotho,Malawi,Malawi,93 runs,Dar-es-Salaam,"Sep 21, 2024",T20I # 2852
England,Australia,England,3 wickets,Cardiff,"Sep 13, 2024",T20I # 2851
England,Australia,Australia,28 runs,Southampton,"Sep 11, 2024",T20I # 2850
Hong Kong,Kuwait,no result,-,Bangi,"Sep 9, 2024",T20I # 2849
Myanmar,Singapore,Singapore,8 wickets,Kuala Lumpur,"Sep 9, 2024",T20I # 2847
Malaysia,Mongolia,Malaysia,10 wickets,Bangi,"Sep 9, 2024",T20I # 2848
Scotland,Australia,Australia,6 wickets,Edinburgh,"Sep 7, 2024",T20I # 2846
Malaysia,Hong Kong,Malaysia,3 runs,Kuala Lumpur,"Sep 7, 2024",T20I # 2845
Scotland,Australia,Australia,70 runs,Edinburgh,"Sep 6, 2024",T20I # 2844
Maldives,Mongolia,Maldives,117 runs,Kuala Lumpur,"Sep 6, 2024",T20I # 2842
Kuwait,Singapore,Singapore,5 wickets,Bangi,"Sep 6, 2024",T20I # 2843
Maldives,Myanmar,Maldives,9 wickets,Kuala Lumpur,"Sep 5, 2024",T20I # 2841
Malaysia,Kuwait,Kuwait,8 wickets,Kuala Lumpur,"Sep 5, 2024",T20I # 2839
Mongolia,Singapore,Singapore,9 wickets,Bangi,"Sep 5, 2024",T20I # 2840
Scotland,Australia,Australia,7 wickets,Edinburgh,"Sep 4, 2024",T20I # 2838
Kuwait,Myanmar,Kuwait,8 wickets,Kuala Lumpur,"Sep 3, 2024",T20I # 2836
Malaysia,Singapore,Malaysia,1 run,Bangi,"Sep 3, 2024",T20I # 2837
Hong Kong,Maldives,Hong Kong,9 wickets,Bangi,"Sep 3, 2024",T20I # 2835
Mongolia,Myanmar,Myanmar,71 runs,Bangi,"Sep 2, 2024",T20I # 2834
Hong Kong,Singapore,Hong Kong,23 runs,Kuala Lumpur,"Sep 2, 2024",T20I # 2832
Kuwait,Maldives,Kuwait,142 runs,Bangi,"Sep 2, 2024",T20I # 2833
Hong Kong,Mongolia,Hong Kong,9 wickets,Kuala Lumpur,"Aug 31, 2024",T20I # 2831
Maldives,Singapore,Singapore,47 runs,Kuala Lumpur,"Aug 31, 2024",T20I # 2829
Malaysia,Myanmar,Malaysia,6 wickets,Bangi,"Aug 31, 2024",T20I # 2830
Kuwait,Mongolia,Kuwait,160 runs,Kuala Lumpur,"Aug 30, 2024",T20I # 2828
Malaysia,Maldives,Malaysia,94 runs,Kuala Lumpur,"Aug 30, 2024",T20I # 2826
Hong Kong,Myanmar,Hong Kong,9 wickets,Bangi,"Aug 30, 2024",T20I # 2827
Czech Rep.,Estonia,Estonia,7 wickets,Port Soif,"Aug 28, 2024",T20I # 2824
Guernsey,Denmark,Guernsey,6 wickets,Castel,"Aug 28, 2024",T20I # 2825
Netherlands,U.S.A.,Netherlands,4 runs,The Hague,"Aug 28, 2024",T20I # 2823
Cyprus,Malta,Cyprus,6 runs,Port Soif,"Aug 28, 2024",T20I # 2821
Finland,Spain,Spain,46 runs,Castel,"Aug 28, 2024",T20I # 2822
West Indies,South Africa,West Indies,8 wickets,Tarouba,"Aug 27, 2024",T20I # 2820
Czech Rep.,Greece,Czech Rep.,75 runs,Castel,"Aug 27, 2024",T20I # 2818
Estonia,Malta,Estonia,5 wickets,Port Soif,"Aug 27, 2024",T20I # 2819
Canada,U.S.A.,U.S.A.,20 runs,The Hague,"Aug 27, 2024",T20I # 2817
Cyprus,Denmark,Denmark,142 runs,Castel,"Aug 27, 2024",T20I # 2815
Bulgaria,Finland,Finland,125 runs,Port Soif,"Aug 27, 2024",T20I # 2816
Hong Kong,Kuwait,Kuwait,8 wickets,Kuala Lumpur,"Aug 27, 2024",T20I # 2814
Netherlands,Canada,Canada,8 runs,Utrecht,"Aug 26, 2024",T20I # 2813
Malaysia,Hong Kong,Hong Kong,7 runs,Kuala Lumpur,"Aug 26, 2024",T20I # 2812
West Indies,South Africa,West Indies,30 runs,Tarouba,"Aug 25, 2024",T20I # 2811
Guernsey,Estonia,Guernsey,5 wickets,Castel,"Aug 25, 2024",T20I # 2809
Greece,Spain,Spain,7 wickets,Port Soif,"Aug 25, 2024",T20I # 2810
Netherlands,U.S.A.,Netherlands,102 runs,Utrecht,"Aug 25, 2024",T20I # 2808
Bulgaria,Malta,Malta,61 runs,Castel,"Aug 25, 2024",T20I # 2806
Cyprus,Czech Rep.,Czech Rep.,4 wickets,Port Soif,"Aug 25, 2024",T20I # 2807
Malaysia,Kuwait,Kuwait,18 runs,Kuala Lumpur,"Aug 25, 2024",T20I # 2805
Cyprus,Greece,Cyprus,8 wickets,Castel,"Aug 24, 2024",T20I # 2803
Bulgaria,Estonia,Estonia,7 wickets,Port Soif,"Aug 24, 2024",T20I # 2804
Canada,U.S.A.,no result,-,Utrecht,"Aug 24, 2024",T20I # 2802
Guernsey,Finland,Finland,4 runs,Port Soif,"Aug 24, 2024",T20I # 2801
Hong Kong,Kuwait,Kuwait,2 wickets,Kuala Lumpur,"Aug 24, 2024",T20I # 2800
Samoa,Vanuatu,Samoa,8 runs,Apia (No 2),"Aug 24, 2024",T20I # 2799
Cook Islands,Fiji,Fiji,9 runs,Apia (No 2),"Aug 24, 2024",T20I # 2798
West Indies,South Africa,West Indies,7 wickets,Tarouba,"Aug 23, 2024",T20I # 2797
Netherlands,Canada,Netherlands,5 wickets,Utrecht,"Aug 23, 2024",T20I # 2796
Malaysia,Hong Kong,Hong Kong,6 wickets,Kuala Lumpur,"Aug 23, 2024",T20I # 2795
Samoa,Cook Islands,Cook Islands,8 wickets,Apia (No 2),"Aug 23, 2024",T20I # 2794
Fiji,Vanuatu,Fiji,5 wickets,Apia (No 2),"Aug 23, 2024",T20I # 2793
Guernsey,Malta,Guernsey,8 wickets,Castel,"Aug 22, 2024",T20I # 2791
Czech Rep.,Spain,Spain,1 run,Port Soif,"Aug 22, 2024",T20I # 2792
Estonia,Finland,Estonia,8 wickets,Castel,"Aug 22, 2024",T20I # 2789
Denmark,Greece,Denmark,32 runs,Port Soif,"Aug 22, 2024",T20I # 2790
Malaysia,Kuwait,Malaysia,5 wickets,Kuala Lumpur,"Aug 22, 2024",T20I # 2788
Czech Rep.,Denmark,Denmark,118 runs,Castel,"Aug 21, 2024",T20I # 2786
Finland,Malta,Finland,9 wickets,Port Soif,"Aug 21, 2024",T20I # 2787
Cyprus,Spain,Spain,15 runs,Castel,"Aug 21, 2024",T20I # 2784
Guernsey,Bulgaria,Guernsey,8 wickets,Port Soif,"Aug 21, 2024",T20I # 2785
Hong Kong,Kuwait,Kuwait,4 wickets,Kuala Lumpur,"Aug 21, 2024",T20I # 2783
Cook Islands,Vanuatu,Cook Islands,7 wickets,Apia (No 2),"Aug 21, 2024",T20I # 2782
Samoa,Fiji,Samoa,73 runs,Apia (No 2),"Aug 21, 2024",T20I # 2781
Cook Islands,Fiji,Fiji,104 runs,Apia (No 2),"Aug 20, 2024",T20I # 2780
Samoa,Vanuatu,Samoa,10 runs,Apia (No 2),"Aug 20, 2024",T20I # 2779
Fiji,Vanuatu,Vanuatu,36 runs,Apia (No 2),"Aug 19, 2024",T20I # 2778
Samoa,Cook Islands,Cook Islands,7 wickets,Apia (No 2),"Aug 19, 2024",T20I # 2777
Samoa,Fiji,Samoa,9 wickets,Apia (No 2),"Aug 17, 2024",T20I # 2776
Cook Islands,Vanuatu,Cook Islands,9 wickets,Apia (No 2),"Aug 17, 2024",T20I # 2775
Croatia,Spain,Spain,161 runs,Zagreb,"Aug 4, 2024",T20I # 2774
Croatia,Spain,Spain,140 runs,Zagreb,"Aug 4, 2024",T20I # 2773
Croatia,Spain,Spain,8 wickets,Zagreb,"Aug 3, 2024",T20I # 2772
Croatia,Spain,Spain,6 wickets,Zagreb,"Aug 3, 2024",T20I # 2771
Croatia,Spain,Spain,4 wickets,Zagreb,"Aug 2, 2024",T20I # 2770
Sri Lanka,India,tied,-,Pallekele,"Jul 30, 2024",T20I # 2769
Sri Lanka,India,India,7 wickets,Pallekele,"Jul 28, 2024",T20I # 2768
Sri Lanka,India,India,43 runs,Pallekele,"Jul 27, 2024",T20I # 2767
Kenya,Nigeria,Kenya,4 wickets,Nairobi,"Jul 17, 2024",T20I # 2766
Kenya,Nigeria,Nigeria,14 runs,Nairobi,"Jul 16, 2024",T20I # 2765
Kenya,Nigeria,Nigeria,3 wickets,Nairobi,"Jul 15, 2024",T20I # 2764
Jersey,Norway,Jersey,6 wickets,Krefeld,"Jul 14, 2024",T20I # 2763
Zimbabwe,India,India,42 runs,Harare,"Jul 14, 2024",T20I # 2762
Germany,Croatia,Germany,8 wickets,Krefeld,"Jul 14, 2024",T20I # 2761
Slovenia,Sweden,Sweden,6 wickets,Krefeld,"Jul 13, 2024",T20I # 2760
Croatia,Switzerland,Switzerland,7 wickets,Krefeld,"Jul 13, 2024",T20I # 2758
Zimbabwe,India,India,10 wickets,Harare,"Jul 13, 2024",T20I # 2759
Kenya,Nigeria,Kenya,4 wickets,Nairobi,"Jul 13, 2024",T20I # 2757
Gibraltar,Norway,Norway,6 runs,Krefeld,"Jul 13, 2024",T20I # 2756
Belgium,Serbia,Belgium,77 runs,Krefeld,"Jul 12, 2024",T20I # 2755
Kenya,Nigeria,Kenya,29 runs,Nairobi,"Jul 12, 2024",T20I # 2754
Serbia,Switzerland,Switzerland,40 runs,Krefeld,"Jul 11, 2024",T20I # 2753
Gibraltar,Sweden,Sweden,8 wickets,Krefeld,"Jul 11, 2024",T20I # 2752
Germany,Norway,Norway,11 runs,Krefeld,"Jul 11, 2024",T20I # 2751
Gibraltar,Slovenia,Slovenia,1 wicket,Krefeld,"Jul 10, 2024",T20I # 2750
Belgium,Jersey,Jersey,108 runs,Krefeld,"Jul 10, 2024",T20I # 2748
Zimbabwe,India,India,23 runs,Harare,"Jul 10, 2024",T20I # 2749
Croatia,Serbia,Croatia,28 runs,Krefeld,"Jul 10, 2024",T20I # 2747
Jersey,Switzerland,Jersey,167 runs,Krefeld,"Jul 9, 2024",T20I # 2746
Germany,Sweden,Germany,2 runs,Krefeld,"Jul 9, 2024",T20I # 2745
Norway,Slovenia,Norway,8 wickets,Krefeld,"Jul 9, 2024",T20I # 2744
Belgium,Croatia,Croatia,6 runs,Krefeld,"Jul 8, 2024",T20I # 2743
Norway,Sweden,Norway,53 runs,Krefeld,"Jul 8, 2024",T20I # 2742
Germany,Gibraltar,Germany,44 runs,Krefeld,"Jul 8, 2024",T20I # 2741
Belgium,Switzerland,Belgium,2 wickets,Krefeld,"Jul 7, 2024",T20I # 2740
Zimbabwe,India,India,100 runs,Harare,"Jul 7, 2024",T20I # 2739
Jersey,Serbia,Jersey,165 runs,Krefeld,"Jul 7, 2024",T20I # 2738
Zimbabwe,India,Zimbabwe,13 runs,Harare,"Jul 6, 2024",T20I # 2737
Malawi,Rwanda,Malawi,21 runs,Nairobi,"Jul 6, 2024",T20I # 2736
Kenya,Rwanda,Kenya,49 runs,Nairobi,"Jul 5, 2024",T20I # 2735
Kenya,Malawi,Kenya,67 runs,Nairobi,"Jul 4, 2024",T20I # 2734
Kenya,Rwanda,Kenya,4 wickets,Nairobi,"Jul 3, 2024",T20I # 2733
Malawi,Rwanda,Rwanda,9 wickets,Nairobi,"Jul 2, 2024",T20I # 2732
Kenya,Malawi,Kenya,9 wickets,Nairobi,"Jul 1, 2024",T20I # 2731
Slovenia,Serbia,Serbia,27 runs,Ljubljana,"Jun 30, 2024",T20I # 2730
India,South Africa,India,7 runs,Bridgetown,"Jun 29, 2024",T20I # 2729
Slovenia,Serbia,Slovenia,84 runs,Ljubljana,"Jun 29, 2024",T20I # 2728
Kenya,Rwanda,Kenya,6 wickets,Nairobi,"Jun 29, 2024",T20I # 2727
Slovenia,Serbia,Slovenia,43 runs,Ljubljana,"Jun 29, 2024",T20I # 2726
Malawi,Rwanda,Malawi,58 runs,Nairobi,"Jun 28, 2024",T20I # 2725
England,India,India,68 runs,Providence,"Jun 27, 2024",T20I # 2724
Afghanistan,South Africa,South Africa,9 wickets,Tarouba,"Jun 26, 2024",T20I # 2723
Afghanistan,Bangladesh,Afghanistan,8 runs,Kingstown,"Jun 24, 2024",T20I # 2722
Australia,India,India,24 runs,Gros Islet,"Jun 24, 2024",T20I # 2721
West Indies,South Africa,South Africa,3 wickets,North Sound,"Jun 23, 2024",T20I # 2720
England,U.S.A.,England,10 wickets,Bridgetown,"Jun 23, 2024",T20I # 2719
Guernsey,Jersey,Guernsey,4 wickets,Port Soif,"Jun 23, 2024",T20I # 2718
Afghanistan,Australia,Afghanistan,21 runs,Kingstown,"Jun 22, 2024",T20I # 2717
Bangladesh,India,India,50 runs,North Sound,"Jun 22, 2024",T20I # 2716
Guernsey,Jersey,Jersey,8 wickets,Castel,"Jun 22, 2024",T20I # 2715
Guernsey,Jersey,Jersey,7 wickets,Castel,"Jun 22, 2024",T20I # 2714
West Indies,U.S.A.,West Indies,9 wickets,Bridgetown,"Jun 21, 2024",T20I # 2713
England,South Africa,South Africa,7 runs,Gros Islet,"Jun 21, 2024",T20I # 2712
Australia,Bangladesh,Australia,28 runs,North Sound,"Jun 20, 2024",T20I # 2711
Afghanistan,India,India,47 runs,Bridgetown,"Jun 20, 2024",T20I # 2710
West Indies,England,England,8 wickets,Gros Islet,"Jun 19, 2024",T20I # 2709
South Africa,U.S.A.,South Africa,18 runs,North Sound,"Jun 19, 2024",T20I # 2708
Cyprus,Estonia,Estonia,31 runs,Episkopi,"Jun 19, 2024",T20I # 2707
Cyprus,Estonia,Cyprus,4 wickets,Episkopi,"Jun 19, 2024",T20I # 2706
Cyprus,Estonia,Estonia,26 runs,Episkopi,"Jun 18, 2024",T20I # 2705
Cyprus,Estonia,Cyprus,12 runs,Episkopi,"Jun 18, 2024",T20I # 2704
West Indies,Afghanistan,West Indies,104 runs,Gros Islet,"Jun 17, 2024",T20I # 2703
New Zealand,P.N.G.,New Zealand,7 wickets,Tarouba,"Jun 17, 2024",T20I # 2702
Cyprus,Estonia,Estonia,6 wickets,Episkopi,"Jun 17, 2024",T20I # 2701
Cyprus,Estonia,Estonia,5 wickets,Episkopi,"Jun 17, 2024",T20I # 2700
Netherlands,Sri Lanka,Sri Lanka,83 runs,Gros Islet,"Jun 16, 2024",T20I # 2699
Bangladesh,Nepal,Bangladesh,21 runs,Kingstown,"Jun 16, 2024",T20I # 2698
Ireland,Pakistan,Pakistan,3 wickets,Lauderhill,"Jun 16, 2024",T20I # 2697
Isle of Man,Portugal,Portugal,88 runs,Spinaceto,"Jun 16, 2024",T20I # 2695
Italy,Romania,Italy,160 runs,Rome,"Jun 16, 2024",T20I # 2696
Denmark,Jersey,Jersey,96 runs,Brondby,"Jun 16, 2024",T20I # 2694
Finland,Norway,Norway,9 wickets,Kerava,"Jun 16, 2024",T20I # 2693
Denmark,Jersey,Jersey,6 wickets,Brondby,"Jun 16, 2024",T20I # 2692
Austria,France,Austria,6 wickets,Rome,"Jun 16, 2024",T20I # 2690
Israel,Luxembourg,Israel,2 wickets,Spinaceto,"Jun 16, 2024",T20I # 2691
Australia,Scotland,Australia,5 wickets,Gros Islet,"Jun 15, 2024",T20I # 2689
England,Namibia,England,41 runs,North Sound,"Jun 15, 2024",T20I # 2688
France,Turkey,France,40 runs,Spinaceto,"Jun 15, 2024",T20I # 2686
Israel,Romania,Romania,24 runs,Rome,"Jun 15, 2024",T20I # 2687
Finland,Norway,Norway,7 wickets,Kerava,"Jun 15, 2024",T20I # 2685
Isle of Man,Luxembourg,Isle of Man,63 runs,Spinaceto,"Jun 15, 2024",T20I # 2683
Austria,Hungary,Austria,14 runs,Rome,"Jun 15, 2024",T20I # 2684
New Zealand,Uganda,New Zealand,9 wickets,Tarouba,"Jun 14, 2024",T20I # 2682
Nepal,South Africa,South Africa,1 run,Kingstown,"Jun 14, 2024",T20I # 2681
Finland,Norway,Norway,97 runs,Kerava,"Jun 14, 2024",T20I # 2680
Afghanistan,P.N.G.,Afghanistan,7 wickets,Tarouba,"Jun 13, 2024",T20I # 2679
England,Oman,England,8 wickets,North Sound,"Jun 13, 2024",T20I # 2678
Bangladesh,Netherlands,Bangladesh,25 runs,Kingstown,"Jun 13, 2024",T20I # 2677
Israel,Portugal,Israel,2 wickets,Spinaceto,"Jun 13, 2024",T20I # 2675
Italy,Turkey,Italy,9 wickets,Rome,"Jun 13, 2024",T20I # 2676
Hungary,Romania,Romania,8 wickets,Spinaceto,"Jun 13, 2024",T20I # 2673
France,Luxembourg,France,13 runs,Rome,"Jun 13, 2024",T20I # 2674
West Indies,New Zealand,West Indies,13 runs,Tarouba,"Jun 12, 2024",T20I # 2672
U.S.A.,India,India,7 wickets,New York,"Jun 12, 2024",T20I # 2671
Luxembourg,Turkey,Luxembourg,73 runs,Spinaceto,"Jun 12, 2024",T20I # 2669
Hungary,Israel,Hungary,1 wicket,Rome,"Jun 12, 2024",T20I # 2670
Italy,Isle of Man,Italy,7 wickets,Spinaceto,"Jun 12, 2024",T20I # 2667
Austria,Portugal,Austria,7 wickets,Rome,"Jun 12, 2024",T20I # 2668
Australia,Namibia,Australia,9 wickets,North Sound,"Jun 11, 2024",T20I # 2666
Canada,Pakistan,Pakistan,7 wickets,New York,"Jun 11, 2024",T20I # 2665
Bangladesh,South Africa,South Africa,4 runs,New York,"Jun 10, 2024",T20I # 2664
Portugal,Romania,Romania,6 wickets,Spinaceto,"Jun 10, 2024",T20I # 2662
Italy,France,Italy,5 wickets,Rome,"Jun 10, 2024",T20I # 2663
Austria,Israel,Austria,7 wickets,Spinaceto,"Jun 10, 2024",T20I # 2660
Isle of Man,Turkey,Isle of Man,81 runs,Rome,"Jun 10, 2024",T20I # 2661
Oman,Scotland,Scotland,7 wickets,North Sound,"Jun 9, 2024",T20I # 2659
India,Pakistan,India,6 runs,New York,"Jun 9, 2024",T20I # 2658
Belgium,Guernsey,Guernsey,7 wickets,Waterloo,"Jun 9, 2024",T20I # 2657
France,Isle of Man,France,16 runs,Spinaceto,"Jun 9, 2024",T20I # 2655
Austria,Romania,Romania,3 wickets,Rome,"Jun 9, 2024",T20I # 2656
Belgium,Guernsey,Belgium,6 wickets,Waterloo,"Jun 9, 2024",T20I # 2654
Italy,Luxembourg,Italy,77 runs,Spinaceto,"Jun 9, 2024",T20I # 2652
Hungary,Portugal,Portugal,15 runs,Rome,"Jun 9, 2024",T20I # 2653
West Indies,Uganda,West Indies,134 runs,Providence,"Jun 8, 2024",T20I # 2651
Australia,England,Australia,36 runs,Bridgetown,"Jun 8, 2024",T20I # 2650
Netherlands,South Africa,South Africa,4 wickets,New York,"Jun 8, 2024",T20I # 2649
Belgium,Guernsey,Belgium,4 wickets,Waterloo,"Jun 8, 2024",T20I # 2648
Belgium,Guernsey,Guernsey,6 wickets,Waterloo,"Jun 8, 2024",T20I # 2647
Bangladesh,Sri Lanka,Bangladesh,2 wickets,Dallas,"Jun 7, 2024",T20I # 2646
Afghanistan,New Zealand,Afghanistan,84 runs,Providence,"Jun 7, 2024",T20I # 2645
Canada,Ireland,Canada,12 runs,New York,"Jun 7, 2024",T20I # 2644
Namibia,Scotland,Scotland,5 wickets,Bridgetown,"Jun 6, 2024",T20I # 2643
U.S.A.,Pakistan,tied,-,Dallas,"Jun 6, 2024",T20I # 2642
Australia,Oman,Australia,39 runs,Bridgetown,"Jun 5, 2024",T20I # 2641
P.N.G.,Uganda,Uganda,3 wickets,Providence,"Jun 5, 2024",T20I # 2640
India,Ireland,India,8 wickets,New York,"Jun 5, 2024",T20I # 2639
Nepal,Netherlands,Netherlands,6 wickets,Dallas,"Jun 4, 2024",T20I # 2638
England,Scotland,no result,-,Bridgetown,"Jun 4, 2024",T20I # 2637
Afghanistan,Uganda,Afghanistan,125 runs,Providence,"Jun 3, 2024",T20I # 2636
South Africa,Sri Lanka,South Africa,6 wickets,New York,"Jun 3, 2024",T20I # 2635
Namibia,Oman,tied,-,Bridgetown,"Jun 2, 2024",T20I # 2634
West Indies,P.N.G.,West Indies,5 wickets,Providence,"Jun 2, 2024",T20I # 2633
U.S.A.,Canada,U.S.A.,7 wickets,Dallas,"Jun 1, 2024",T20I # 2632
England,Pakistan,England,7 wickets,The Oval,"May 30, 2024",T20I # 2631
West Indies,South Africa,West Indies,8 wickets,Kingston,"May 26, 2024",T20I # 2630
Austria,Belgium,Austria,75 runs,Lower Austria,"May 26, 2024",T20I # 2629
Romania,Bulgaria,Romania,74 runs,Ilfov County,"May 26, 2024",T20I # 2628
Austria,Belgium,Belgium,9 wickets,Lower Austria,"May 26, 2024",T20I # 2627
West Indies,South Africa,West Indies,16 runs,Kingston,"May 25, 2024",T20I # 2626
U.S.A.,Bangladesh,Bangladesh,10 wickets,Prairie View,"May 25, 2024",T20I # 2625
Romania,Gibraltar,Gibraltar,6 wickets,Ilfov County,"May 25, 2024",T20I # 2624
England,Pakistan,England,23 runs,Birmingham,"May 25, 2024",T20I # 2623
Austria,Belgium,Austria,6 wickets,Lower Austria,"May 25, 2024",T20I # 2622
Austria,Belgium,Belgium,6 wickets,Lower Austria,"May 25, 2024",T20I # 2621
Romania,Bulgaria,Romania,7 wickets,Ilfov County,"May 24, 2024",T20I # 2620
Netherlands,Ireland,Ireland,3 runs,The Hague,"May 24, 2024",T20I # 2619
Bulgaria,Gibraltar,Gibraltar,5 wickets,Ilfov County,"May 24, 2024",T20I # 2618
West Indies,South Africa,West Indies,28 runs,Kingston,"May 23, 2024",T20I # 2617
U.S.A.,Bangladesh,U.S.A.,6 runs,Prairie View,"May 23, 2024",T20I # 2616
Ireland,Scotland,Ireland,5 wickets,The Hague,"May 23, 2024",T20I # 2615
Netherlands,Scotland,Scotland,71 runs,The Hague,"May 22, 2024",T20I # 2614
U.S.A.,Bangladesh,U.S.A.,5 wickets,Prairie View,"May 21, 2024",T20I # 2613
Netherlands,Ireland,Ireland,1 run,The Hague,"May 19, 2024",T20I # 2612
Netherlands,Scotland,Netherlands,41 runs,The Hague,"May 18, 2024",T20I # 2611
Ireland,Pakistan,Pakistan,6 wickets,Dublin,"May 14, 2024",T20I # 2610
Ireland,Pakistan,Pakistan,7 wickets,Dublin,"May 12, 2024",T20I # 2609
France,Belgium,Belgium,15 runs,Dreux,"May 12, 2024",T20I # 2608
Bangladesh,Zimbabwe,Zimbabwe,8 wickets,Mirpur,"May 12, 2024",T20I # 2607
Japan,Mongolia,Japan,157 runs,Sano,"May 12, 2024",T20I # 2606
France,Belgium,France,7 wickets,Dreux,"May 11, 2024",T20I # 2605
Belgium,Malta,Belgium,7 wickets,Dreux,"May 11, 2024",T20I # 2604
Japan,Mongolia,Japan,158 runs,Sano,"May 11, 2024",T20I # 2603
Japan,Mongolia,Japan,180 runs,Sano,"May 11, 2024",T20I # 2602
Ireland,Pakistan,Ireland,5 wickets,Dublin,"May 10, 2024",T20I # 2601
Belgium,Malta,Belgium,16 runs,Dreux,"May 10, 2024",T20I # 2600
Bangladesh,Zimbabwe,Bangladesh,5 runs,Mirpur,"May 10, 2024",T20I # 2599
France,Belgium,tied,-,Dreux,"May 10, 2024",T20I # 2598
France,Malta,France,86 runs,Dreux,"May 9, 2024",T20I # 2597
France,Malta,France,9 runs,Dreux,"May 9, 2024",T20I # 2596
Japan,Mongolia,Japan,10 wickets,Sano,"May 9-10, 2024",T20I # 2595
Japan,Mongolia,no result,-,Sano,"May 8, 2024",T20I # 2594
Japan,Mongolia,Japan,205 runs,Sano,"May 8, 2024",T20I # 2593
Bangladesh,Zimbabwe,Bangladesh,9 runs,Chattogram,"May 7, 2024",T20I # 2592
Japan,Mongolia,Japan,166 runs,Sano,"May 7, 2024",T20I # 2591
Indonesia,Thailand,Thailand,6 wickets,Bali,"May 6, 2024",T20I # 2590
Bangladesh,Zimbabwe,Bangladesh,6 wickets,Chattogram,"May 5, 2024",T20I # 2589
Indonesia,Thailand,Thailand,17 runs,Bali,"May 5, 2024",T20I # 2588
Indonesia,Thailand,Indonesia,33 runs,Bali,"May 4, 2024",T20I # 2587
Bangladesh,Zimbabwe,Bangladesh,8 wickets,Chattogram,"May 3, 2024",T20I # 2586
Indonesia,Thailand,Indonesia,6 wickets,Bali,"May 2, 2024",T20I # 2585
Indonesia,Thailand,Thailand,8 runs,Bali,"May 1, 2024",T20I # 2584
Pakistan,New Zealand,Pakistan,9 runs,Lahore,"Apr 27, 2024",T20I # 2583
Pakistan,New Zealand,New Zealand,4 runs,Lahore,"Apr 25, 2024",T20I # 2582
Pakistan,New Zealand,New Zealand,7 wickets,Rawalpindi,"Apr 21, 2024",T20I # 2581
Oman,U.A.E.,U.A.E.,55 runs,Al Amerat,"Apr 21, 2024",T20I # 2580
Pakistan,New Zealand,Pakistan,7 wickets,Rawalpindi,"Apr 20, 2024",T20I # 2579
Hong Kong,Nepal,Hong Kong,4 wickets,Al Amerat,"Apr 20, 2024",T20I # 2578
Oman,Hong Kong,Oman,5 wickets,Al Amerat,"Apr 19, 2024",T20I # 2577
Nepal,U.A.E.,U.A.E.,6 wickets,Al Amerat,"Apr 19, 2024",T20I # 2576
Pakistan,New Zealand,no result,-,Rawalpindi,"Apr 18, 2024",T20I # 2575
Cambodia,U.A.E.,U.A.E.,9 wickets,Al Amerat,"Apr 17, 2024",T20I # 2573
Oman,Kuwait,Oman,46 runs,Al Amerat,"Apr 17, 2024",T20I # 2574
Hong Kong,Malaysia,Hong Kong,7 wickets,Al Amerat,"Apr 17, 2024",T20I # 2571
Nepal,Saudi Arabia,Nepal,6 wickets,Al Amerat,"Apr 17, 2024",T20I # 2572
Bahrain,Cambodia,Bahrain,7 wickets,Al Amerat,"Apr 16, 2024",T20I # 2570
Qatar,Saudi Arabia,Qatar,15 runs,Al Amerat,"Apr 16, 2024",T20I # 2569
Oman,U.A.E.,Oman,9 wickets,Al Amerat,"Apr 15, 2024",T20I # 2567
Bahrain,Kuwait,Kuwait,26 runs,Al Amerat,"Apr 15, 2024",T20I # 2568
Hong Kong,Nepal,Nepal,8 wickets,Al Amerat,"Apr 15, 2024",T20I # 2565
Malaysia,Qatar,Qatar,4 wickets,Al Amerat,"Apr 15, 2024",T20I # 2566
Costa Rica,Mexico,Mexico,58 runs,Guacima,"Apr 14, 2024",T20I # 2564
Spain,Jersey,Spain,1 wicket,Cartagena,"Apr 14, 2024",T20I # 2563
Hong Kong,Saudi Arabia,Saudi Arabia,55 runs,Al Amerat,"Apr 14, 2024",T20I # 2562
Spain,Jersey,Spain,5 wickets,Cartagena,"Apr 14, 2024",T20I # 2561
Oman,Cambodia,Oman,63 runs,Al Amerat,"Apr 14, 2024",T20I # 2560
Costa Rica,Mexico,Costa Rica,42 runs,Guacima,"Apr 13, 2024",T20I # 2558
U.S.A.,Canada,U.S.A.,4 wickets,Prairie View,"Apr 13, 2024",T20I # 2559
Nepal,Qatar,Nepal,32 runs,Al Amerat,"Apr 13, 2024",T20I # 2556
Malaysia,Saudi Arabia,Malaysia,12 runs,Al Amerat,"Apr 13, 2024",T20I # 2557
Cambodia,Kuwait,Kuwait,8 wickets,Al Amerat,"Apr 13, 2024",T20I # 2554
Bahrain,U.A.E.,U.A.E.,37 runs,Al Amerat,"Apr 13, 2024",T20I # 2555
Costa Rica,Mexico,Mexico,42 runs,Guacima,"Apr 12, 2024",T20I # 2553
U.S.A.,Canada,U.S.A.,14 runs,Prairie View,"Apr 12, 2024",T20I # 2552
Costa Rica,Mexico,Mexico,22 runs,Guacima,"Apr 12, 2024",T20I # 2551
Malaysia,Nepal,Nepal,5 wickets,Al Amerat,"Apr 12, 2024",T20I # 2549
Hong Kong,Qatar,Hong Kong,26 runs,Al Amerat,"Apr 12, 2024",T20I # 2550
Oman,Bahrain,Oman,3 runs,Al Amerat,"Apr 12, 2024",T20I # 2547
Kuwait,U.A.E.,U.A.E.,7 wickets,Al Amerat,"Apr 12, 2024",T20I # 2548
Costa Rica,Mexico,Costa Rica,8 wickets,Guacima,"Apr 11, 2024",T20I # 2546
U.S.A.,Canada,U.S.A.,31 runs,Prairie View,"Apr 9, 2024",T20I # 2545
U.S.A.,Canada,U.S.A.,6 wickets,Prairie View,"Apr 7, 2024",T20I # 2544
Oman,Namibia,Namibia,62 runs,Al Amerat,"Apr 7, 2024",T20I # 2543
Oman,Namibia,Namibia,24 runs,Al Amerat,"Apr 5, 2024",T20I # 2542
Oman,Namibia,Oman,8 wickets,Al Amerat,"Apr 4, 2024",T20I # 2541
Oman,Namibia,Oman,6 runs,Al Amerat,"Apr 2, 2024",T20I # 2540
Oman,Namibia,Namibia,4 wickets,Al Amerat,"Apr 1, 2024",T20I # 2539
Eswatini,Lesotho,Eswatini,3 wickets,Malkerns,"Mar 31, 2024",T20I # 2538
Eswatini,Lesotho,Eswatini,39 runs,Malkerns,"Mar 30, 2024",T20I # 2537
Eswatini,Lesotho,Lesotho,8 wickets,Malkerns,"Mar 30, 2024",T20I # 2536
Eswatini,Lesotho,Lesotho,6 wickets,Malkerns,"Mar 29, 2024",T20I # 2535
Eswatini,Lesotho,Eswatini,55 runs,Malkerns,"Mar 29, 2024",T20I # 2534
Kenya,Uganda,Uganda,106 runs,Accra,"Mar 23, 2024",T20I # 2533
Namibia,Uganda,Namibia,24 runs,Accra,"Mar 21, 2024",T20I # 2532
Namibia,Tanzania,Namibia,7 wickets,Accra,"Mar 20, 2024",T20I # 2531
Ghana,Kenya,Kenya,7 wickets,Accra,"Mar 20, 2024",T20I # 2530
Afghanistan,Ireland,Afghanistan,57 runs,Sharjah,"Mar 18, 2024",T20I # 2529
Ghana,Uganda,Uganda,121 runs,Accra,"Mar 18, 2024",T20I # 2528
Namibia,Nigeria,Nigeria,3 wickets,Accra,"Mar 18, 2024",T20I # 2527
Afghanistan,Ireland,Afghanistan,10 runs,Sharjah,"Mar 17, 2024",T20I # 2526
Kenya,Uganda,Uganda,72 runs,Accra,"Mar 17, 2024",T20I # 2525
Nigeria,Tanzania,Tanzania,47 runs,Accra,"Mar 17, 2024",T20I # 2524
Malaysia,P.N.G.,Malaysia,63 runs,Kuala Lumpur,"Mar 17, 2024",T20I # 2523
Malaysia,P.N.G.,P.N.G.,77 runs,Kuala Lumpur,"Mar 16, 2024",T20I # 2522
Afghanistan,Ireland,Ireland,38 runs,Sharjah,"Mar 15, 2024",T20I # 2521
U.A.E.,Scotland,Scotland,32 runs,Dubai (DICS),"Mar 14, 2024",T20I # 2520
U.A.E.,Scotland,Scotland,9 runs,Dubai (DICS),"Mar 13, 2024",T20I # 2519
Nepal,P.N.G.,P.N.G.,86 runs,Mong Kok,"Mar 13, 2024",T20I # 2518
Hong Kong,P.N.G.,P.N.G.,10 wickets,Mong Kok,"Mar 12, 2024",T20I # 2517
Nepal,P.N.G.,Nepal,85 runs,Mong Kok,"Mar 12, 2024",T20I # 2516
U.A.E.,Scotland,U.A.E.,8 wickets,Dubai (DICS),"Mar 11, 2024",T20I # 2515
Malaysia,Bahrain,Bahrain,8 wickets,Kuala Lumpur,"Mar 11, 2024",T20I # 2514
Kuwait,Vanuatu,Kuwait,7 wickets,Kuala Lumpur,"Mar 11, 2024",T20I # 2513
Malaysia,Tanzania,Malaysia,6 wickets,Kuala Lumpur,"Mar 10, 2024",T20I # 2512
Hong Kong,Nepal,no result,-,Mong Kok,"Mar 10, 2024",T20I # 2511
Bahrain,Vanuatu,Bahrain,56 runs,Kuala Lumpur,"Mar 10, 2024",T20I # 2510
Bangladesh,Sri Lanka,Sri Lanka,28 runs,Sylhet,"Mar 9, 2024",T20I # 2509
Bahrain,Tanzania,Bahrain,52 runs,Kuala Lumpur,"Mar 9, 2024",T20I # 2508
Hong Kong,Nepal,Hong Kong,73 runs,Mong Kok,"Mar 9, 2024",T20I # 2507
Malaysia,Kuwait,Malaysia,7 wickets,Kuala Lumpur,"Mar 9, 2024",T20I # 2506
Oman,P.N.G.,Oman,4 wickets,Al Amerat,"Mar 8, 2024",T20I # 2505
Oman,P.N.G.,P.N.G.,8 wickets,Al Amerat,"Mar 7, 2024",T20I # 2504
Kuwait,Vanuatu,Kuwait,8 wickets,Kuala Lumpur,"Mar 7, 2024",T20I # 2503
Malaysia,Bahrain,Bahrain,9 wickets,Kuala Lumpur,"Mar 7, 2024",T20I # 2502
Bangladesh,Sri Lanka,Bangladesh,8 wickets,Sylhet,"Mar 6, 2024",T20I # 2501
Oman,P.N.G.,Oman,3 wickets,Al Amerat,"Mar 6, 2024",T20I # 2500
Malaysia,Vanuatu,Malaysia,52 runs,Kuala Lumpur,"Mar 6, 2024",T20I # 2499
Kuwait,Tanzania,Kuwait,5 wickets,Kuala Lumpur,"Mar 6, 2024",T20I # 2498
Bahrain,Kuwait,Bahrain,28 runs,Kuala Lumpur,"Mar 5, 2024",T20I # 2496
Nepal,Netherlands,Netherlands,4 wickets,Kirtipur,"Mar 5, 2024",T20I # 2497
Tanzania,Vanuatu,Vanuatu,9 runs,Kuala Lumpur,"Mar 5, 2024",T20I # 2495
Bangladesh,Sri Lanka,Sri Lanka,3 runs,Sylhet,"Mar 4, 2024",T20I # 2494
Namibia,Netherlands,no result,-,Kirtipur,"Mar 3, 2024",T20I # 2493
Nepal,Netherlands,Nepal,6 wickets,Kirtipur,"Mar 2, 2024",T20I # 2492
Qatar,Hong Kong,tied,-,Doha,"Mar 1, 2024",T20I # 2491
Nepal,Namibia,Nepal,3 runs,Kirtipur,"Mar 1, 2024",T20I # 2490
Qatar,Hong Kong,Qatar,4 wickets,Doha,"Feb 29, 2024",T20I # 2489
Namibia,Netherlands,Netherlands,59 runs,Kirtipur,"Feb 29, 2024",T20I # 2488
Nepal,Netherlands,Netherlands,2 runs,Kirtipur,"Feb 28, 2024",T20I # 2487
Qatar,Hong Kong,Hong Kong,10 runs,Doha,"Feb 27, 2024",T20I # 2486
Nepal,Namibia,Namibia,20 runs,Kirtipur,"Feb 27, 2024",T20I # 2485
New Zealand,Australia,Australia,27 runs,Auckland,"Feb 25, 2024",T20I # 2484
New Zealand,Australia,Australia,72 runs,Auckland,"Feb 23, 2024",T20I # 2483
Sri Lanka,Afghanistan,Afghanistan,3 runs,Dambulla,"Feb 21, 2024",T20I # 2482
New Zealand,Australia,Australia,6 wickets,Wellington,"Feb 21, 2024",T20I # 2481
Sri Lanka,Afghanistan,Sri Lanka,72 runs,Dambulla,"Feb 19, 2024",T20I # 2480
Sri Lanka,Afghanistan,Sri Lanka,4 runs,Dambulla,"Feb 17, 2024",T20I # 2479
Hong Kong,Japan,Hong Kong,34 runs,Mong Kok,"Feb 17, 2024",T20I # 2478
Bhutan,Maldives,Bhutan,4 wickets,Bangkok,"Feb 16, 2024",T20I # 2477
China,Japan,Japan,44 runs,Mong Kok,"Feb 16, 2024",T20I # 2476
Thailand,Saudi Arabia,Saudi Arabia,8 wickets,Bangkok,"Feb 16, 2024",T20I # 2475
Hong Kong,China,Hong Kong,10 wickets,Mong Kok,"Feb 16, 2024",T20I # 2474
Bhutan,Saudi Arabia,Saudi Arabia,166 runs,Bangkok,"Feb 15, 2024",T20I # 2473
Hong Kong,Japan,Hong Kong,27 runs,Mong Kok,"Feb 15, 2024",T20I # 2472
Thailand,Maldives,Thailand,8 wickets,Bangkok,"Feb 15, 2024",T20I # 2471
China,Japan,Japan,180 runs,Mong Kok,"Feb 15, 2024",T20I # 2470
Hong Kong,Japan,Hong Kong,7 wickets,Mong Kok,"Feb 14, 2024",T20I # 2469
Hong Kong,China,Hong Kong,123 runs,Mong Kok,"Feb 14, 2024",T20I # 2468
Australia,West Indies,West Indies,37 runs,Perth,"Feb 13, 2024",T20I # 2467
Bhutan,Maldives,Maldives,9 wickets,Bangkok,"Feb 13, 2024",T20I # 2466
Thailand,Saudi Arabia,Saudi Arabia,5 wickets,Bangkok,"Feb 13, 2024",T20I # 2465
Maldives,Saudi Arabia,Saudi Arabia,98 runs,Bangkok,"Feb 12, 2024",T20I # 2464
Thailand,Bhutan,Thailand,10 wickets,Bangkok,"Feb 12, 2024",T20I # 2463
Australia,West Indies,Australia,34 runs,Adelaide,"Feb 11, 2024",T20I # 2462
Cambodia,Saudi Arabia,Saudi Arabia,5 wickets,Bangkok,"Feb 11, 2024",T20I # 2461
Japan,Singapore,Singapore,8 wickets,Bangkok,"Feb 11, 2024",T20I # 2460
Australia,West Indies,Australia,11 runs,Hobart,"Feb 9, 2024",T20I # 2459
Cambodia,Singapore,Cambodia,6 wickets,Bangkok,"Feb 9, 2024",T20I # 2458
Japan,Saudi Arabia,Saudi Arabia,10 wickets,Bangkok,"Feb 9, 2024",T20I # 2457
Bhutan,Maldives,Maldives,32 runs,Bangkok,"Feb 7, 2024",T20I # 2456
Thailand,Indonesia,Thailand,7 wickets,Bangkok,"Feb 7, 2024",T20I # 2455
Thailand,Maldives,Thailand,8 wickets,Bangkok,"Feb 6, 2024",T20I # 2454
Japan,Singapore,Singapore,34 runs,Bangkok,"Feb 6, 2024",T20I # 2453
Bhutan,Cambodia,Cambodia,10 runs,Bangkok,"Feb 5, 2024",T20I # 2452
Indonesia,Saudi Arabia,Saudi Arabia,82 runs,Bangkok,"Feb 5, 2024",T20I # 2451
Japan,Maldives,Japan,42 runs,Bangkok,"Feb 4, 2024",T20I # 2450
Thailand,Singapore,Thailand,7 wickets,Bangkok,"Feb 4, 2024",T20I # 2449
Cambodia,Indonesia,Cambodia,6 wickets,Bangkok,"Feb 3, 2024",T20I # 2448
Bhutan,Saudi Arabia,Saudi Arabia,8 wickets,Bangkok,"Feb 3, 2024",T20I # 2447
Thailand,Japan,Japan,46 runs,Bangkok,"Feb 2, 2024",T20I # 2446
Maldives,Singapore,Singapore,41 runs,Bangkok,"Feb 2, 2024",T20I # 2445
Bhutan,Indonesia,Indonesia,16 runs,Bangkok,"Feb 1, 2024",T20I # 2444
Cambodia,Saudi Arabia,Saudi Arabia,88 runs,Bangkok,"Feb 1, 2024",T20I # 2443
China,Myanmar,China,47 runs,Bangkok,"Jan 30, 2024",T20I # 2442
China,Myanmar,Myanmar,1 wicket,Bangkok,"Jan 29, 2024",T20I # 2441
Cambodia,China,Cambodia,93 runs,Bangkok,"Jan 28, 2024",T20I # 2440
Cambodia,Myanmar,Cambodia,7 wickets,Bangkok,"Jan 27, 2024",T20I # 2439
New Zealand,Pakistan,Pakistan,42 runs,Christchurch,"Jan 21, 2024",T20I # 2438
New Zealand,Pakistan,New Zealand,7 wickets,Christchurch,"Jan 19, 2024",T20I # 2437
Sri Lanka,Zimbabwe,Sri Lanka,9 wickets,Colombo (RPS),"Jan 18, 2024",T20I # 2436
India,Afghanistan,tied,-,Bengaluru,"Jan 17, 2024",T20I # 2435
New Zealand,Pakistan,New Zealand,45 runs,Dunedin,"Jan 17, 2024",T20I # 2434
Sri Lanka,Zimbabwe,Zimbabwe,4 wickets,Colombo (RPS),"Jan 16, 2024",T20I # 2433
India,Afghanistan,India,6 wickets,Indore,"Jan 14, 2024",T20I # 2431
Sri Lanka,Zimbabwe,Sri Lanka,3 wickets,Colombo (RPS),"Jan 14, 2024",T20I # 2432
New Zealand,Pakistan,New Zealand,21 runs,Hamilton,"Jan 14, 2024",T20I # 2430
New Zealand,Pakistan,New Zealand,46 runs,Auckland,"Jan 12, 2024",T20I # 2429
India,Afghanistan,India,6 wickets,Mohali,"Jan 11, 2024",T20I # 2428
U.A.E.,Afghanistan,Afghanistan,4 wickets,Sharjah,"Jan 2, 2024",T20I # 2427
U.A.E.,Afghanistan,U.A.E.,11 runs,Sharjah,"Dec 31, 2023",T20I # 2426
New Zealand,Bangladesh,New Zealand,17 runs,Mount Maunganui,"Dec 31, 2023",T20I # 2425
U.A.E.,Afghanistan,Afghanistan,72 runs,Sharjah,"Dec 29, 2023",T20I # 2424
New Zealand,Bangladesh,no result,-,Mount Maunganui,"Dec 29, 2023",T20I # 2423
New Zealand,Bangladesh,Bangladesh,5 wickets,Napier,"Dec 27, 2023",T20I # 2422
Indonesia,Philippines,Philippines,7 wickets,Bali,"Dec 26, 2023",T20I # 2421
Indonesia,Philippines,tied,-,Bali,"Dec 24, 2023",T20I # 2420
Indonesia,Philippines,Philippines,8 wickets,Bali,"Dec 24, 2023",T20I # 2419
Indonesia,Philippines,Indonesia,20 runs,Bali,"Dec 23, 2023",T20I # 2418
Indonesia,Philippines,Indonesia,10 wickets,Bali,"Dec 23, 2023",T20I # 2417
Indonesia,Philippines,Philippines,2 runs,Bali,"Dec 22, 2023",T20I # 2416
West Indies,England,West Indies,4 wickets,Tarouba,"Dec 21, 2023",T20I # 2415
West Indies,England,England,75 runs,Tarouba,"Dec 19, 2023",T20I # 2414
Kenya,Uganda,Uganda,91 runs,Benoni,"Dec 19, 2023",T20I # 2413
Botswana,Malawi,Botswana,3 wickets,Benoni,"Dec 19, 2023",T20I # 2412
Kenya,Malawi,Kenya,4 runs,Benoni,"Dec 18, 2023",T20I # 2411
Botswana,Uganda,Uganda,10 wickets,Benoni,"Dec 18, 2023",T20I # 2410
Ghana,Sierra Leone,Ghana,2 wickets,Benoni,"Dec 17, 2023",T20I # 2409
Mozambique,Rwanda,Mozambique,5 wickets,Benoni,"Dec 17, 2023",T20I # 2408
West Indies,England,England,7 wickets,St George's,"Dec 16, 2023",T20I # 2407
Botswana,Kenya,Kenya,40 runs,Benoni,"Dec 16, 2023",T20I # 2406
Malawi,Rwanda,Malawi,46 runs,Benoni,"Dec 16, 2023",T20I # 2405
Mozambique,Uganda,Uganda,51 runs,Benoni,"Dec 15, 2023",T20I # 2404
Botswana,Sierra Leone,Sierra Leone,2 wickets,Benoni,"Dec 15, 2023",T20I # 2403
West Indies,England,West Indies,10 runs,St George's,"Dec 14, 2023",T20I # 2402
South Africa,India,India,106 runs,Johannesburg,"Dec 14, 2023",T20I # 2401
Malawi,Mozambique,Malawi,6 wickets,Benoni,"Dec 14, 2023",T20I # 2400
Ghana,Kenya,Kenya,8 wickets,Benoni,"Dec 13, 2023",T20I # 2399
Malawi,Uganda,Uganda,7 wickets,Benoni,"Dec 13, 2023",T20I # 2398
West Indies,England,West Indies,4 wickets,Bridgetown,"Dec 12, 2023",T20I # 2397
South Africa,India,South Africa,5 wickets,Gqeberha,"Dec 12, 2023",T20I # 2396
Kenya,Sierra Leone,Kenya,8 wickets,Benoni,"Dec 12, 2023",T20I # 2395
Botswana,Ghana,Botswana,38 runs,Benoni,"Dec 11, 2023",T20I # 2394
Rwanda,Uganda,Rwanda,2 runs,Benoni,"Dec 11, 2023",T20I # 2393
Cameroon,Sierra Leone,Sierra Leone,9 wickets,Benoni,"Dec 10, 2023",T20I # 2392
Zimbabwe,Ireland,Ireland,6 wickets,Harare,"Dec 10, 2023",T20I # 2391
Gambia,Ghana,Ghana,98 runs,Benoni,"Dec 10, 2023",T20I # 2390
Mali,Sierra Leone,Sierra Leone,8 wickets,Benoni,"Dec 9, 2023",T20I # 2389
Zimbabwe,Ireland,Ireland,4 wickets,Harare,"Dec 9, 2023",T20I # 2388
Ghana,Rwanda,Rwanda,3 wickets,Benoni,"Dec 9, 2023",T20I # 2387
Kenya,Mali,Kenya,10 wickets,Benoni,"Dec 8, 2023",T20I # 2386
Gambia,Rwanda,Rwanda,4 wickets,Benoni,"Dec 8, 2023",T20I # 2385
Zimbabwe,Ireland,Zimbabwe,1 wicket,Harare,"Dec 7, 2023",T20I # 2384
Kenya,Sierra Leone,Kenya,8 wickets,Benoni,"Dec 7, 2023",T20I # 2383
Cameroon,Mali,Cameroon,39 runs,Benoni,"Dec 7, 2023",T20I # 2382
Cameroon,Kenya,Kenya,10 wickets,Benoni,"Dec 6, 2023",T20I # 2381
India,Australia,India,6 runs,Bengaluru,"Dec 3, 2023",T20I # 2380
India,Australia,India,20 runs,Raipur,"Dec 1, 2023",T20I # 2379
Namibia,Nigeria,Namibia,8 wickets,Windhoek,"Nov 30, 2023",T20I # 2378
Kenya,Zimbabwe,Zimbabwe,110 runs,Windhoek,"Nov 30, 2023",T20I # 2376
Rwanda,Uganda,Uganda,9 wickets,Windhoek,"Nov 30, 2023",T20I # 2377
Kenya,Uganda,Uganda,33 runs,Windhoek,"Nov 29, 2023",T20I # 2375
Nigeria,Zimbabwe,Zimbabwe,6 wickets,Windhoek,"Nov 29, 2023",T20I # 2373
Rwanda,Tanzania,Tanzania,51 runs,Windhoek,"Nov 29, 2023",T20I # 2374
India,Australia,Australia,5 wickets,Guwahati,"Nov 28, 2023",T20I # 2372
Namibia,Tanzania,Namibia,58 runs,Windhoek,"Nov 28, 2023",T20I # 2371
Namibia,Kenya,Namibia,6 wickets,Windhoek,"Nov 27, 2023",T20I # 2368
Rwanda,Zimbabwe,Zimbabwe,144 runs,Windhoek,"Nov 27, 2023",T20I # 2369
Nigeria,Uganda,Uganda,9 wickets,Windhoek,"Nov 27, 2023",T20I # 2370
India,Australia,India,44 runs,Thiruvananthapuram,"Nov 26, 2023",T20I # 2367
Nigeria,Tanzania,Nigeria,3 wickets,Windhoek,"Nov 26, 2023",T20I # 2366
Uganda,Zimbabwe,Uganda,5 wickets,Windhoek,"Nov 26, 2023",T20I # 2365
Namibia,Rwanda,Namibia,68 runs,Windhoek,"Nov 25, 2023",T20I # 2364
Kenya,Tanzania,Kenya,50 runs,Windhoek,"Nov 25, 2023",T20I # 2363
Namibia,Uganda,Namibia,6 wickets,Windhoek,"Nov 24, 2023",T20I # 2362
Nigeria,Rwanda,no result,-,Windhoek,"Nov 24, 2023",T20I # 2361
India,Australia,India,2 wickets,Visakhapatnam,"Nov 23, 2023",T20I # 2360
Tanzania,Zimbabwe,Zimbabwe,9 wickets,Windhoek,"Nov 23, 2023",T20I # 2359
Kenya,Nigeria,Kenya,4 wickets,Windhoek,"Nov 23, 2023",T20I # 2358
Indonesia,Cambodia,Indonesia,-,Bali,"Nov 23, 2023",T20I # 2357
Namibia,Zimbabwe,Namibia,7 wickets,Windhoek,"Nov 22, 2023",T20I # 2356
Kenya,Rwanda,Kenya,17 runs,Windhoek,"Nov 22, 2023",T20I # 2354
Tanzania,Uganda,Uganda,8 wickets,Windhoek,"Nov 22, 2023",T20I # 2355
Indonesia,Cambodia,Cambodia,7 wickets,Bali,"Nov 22, 2023",T20I # 2353
Indonesia,Cambodia,Indonesia,104 runs,Bali,"Nov 21, 2023",T20I # 2352
Indonesia,Cambodia,Cambodia,8 wickets,Bali,"Nov 21, 2023",T20I # 2351
Indonesia,Cambodia,Indonesia,8 wickets,Bali,"Nov 20, 2023",T20I # 2350
Indonesia,Cambodia,Indonesia,7 wickets,Bali,"Nov 20, 2023",T20I # 2349
Nepal,Oman,tied,-,Kirtipur,"Nov 5, 2023",T20I # 2348
Bahrain,Oman,Oman,10 wickets,Kirtipur,"Nov 3, 2023",T20I # 2346
Nepal,U.A.E.,Nepal,8 wickets,Mulpani,"Nov 3, 2023",T20I # 2347
Malaysia,Singapore,Malaysia,60 runs,Kirtipur,"Nov 2, 2023",T20I # 2344
Bahrain,Kuwait,Kuwait,4 wickets,Mulpani,"Nov 2, 2023",T20I # 2345
Nepal,Oman,Oman,5 runs,Kirtipur,"Nov 2, 2023",T20I # 2342
Hong Kong,U.A.E.,U.A.E.,22 runs,Mulpani,"Nov 2, 2023",T20I # 2343
Nepal,Malaysia,Nepal,6 wickets,Kirtipur,"Oct 31, 2023",T20I # 2340
Kuwait,U.A.E.,U.A.E.,5 wickets,Mulpani,"Oct 31, 2023",T20I # 2341
Oman,Singapore,Oman,22 runs,Kirtipur,"Oct 31, 2023",T20I # 2338
Bahrain,Hong Kong,Bahrain,20 runs,Mulpani,"Oct 31, 2023",T20I # 2339
Namibia,Zimbabwe,Namibia,8 runs,Windhoek,"Oct 30, 2023",T20I # 2337
Malaysia,Oman,Oman,32 runs,Kirtipur,"Oct 30, 2023",T20I # 2335
Hong Kong,Kuwait,Hong Kong,16 runs,Mulpani,"Oct 30, 2023",T20I # 2336
Bahrain,U.A.E.,U.A.E.,5 wickets,Mulpani,"Oct 30, 2023",T20I # 2333
Nepal,Singapore,Nepal,8 wickets,Kirtipur,"Oct 30, 2023",T20I # 2334
Namibia,Zimbabwe,Namibia,7 wickets,Windhoek,"Oct 29, 2023",T20I # 2332
Namibia,Zimbabwe,Zimbabwe,6 wickets,Windhoek,"Oct 27, 2023",T20I # 2331
Nepal,U.A.E.,U.A.E.,4 wickets,Kirtipur,"Oct 27, 2023",T20I # 2330
Hong Kong,U.A.E.,Hong Kong,69 runs,Mulpani,"Oct 25, 2023",T20I # 2328
Namibia,Zimbabwe,Zimbabwe,5 wickets,Windhoek,"Oct 25, 2023",T20I # 2329
Namibia,Zimbabwe,Namibia,7 wickets,Windhoek,"Oct 24, 2023",T20I # 2327
Nepal,U.A.E.,Nepal,5 wickets,Mulpani,"Oct 23, 2023",T20I # 2326
Hong Kong,U.A.E.,U.A.E.,6 wickets,Mulpani,"Oct 22, 2023",T20I # 2325
Nepal,Hong Kong,Nepal,79 runs,Mulpani,"Oct 21, 2023",T20I # 2324
Argentina,Chile,Argentina,10 wickets,Buenos Aires,"Oct 20, 2023",T20I # 2323
Argentina,Mexico,Argentina,4 wickets,Buenos Aires,"Oct 19, 2023",T20I # 2322
Nepal,Hong Kong,Nepal,6 wickets,Mulpani,"Oct 19, 2023",T20I # 2321
Chile,Mexico,Mexico,5 wickets,Buenos Aires,"Oct 18, 2023",T20I # 2320
Nepal,U.A.E.,Nepal,7 wickets,Mulpani,"Oct 18, 2023",T20I # 2319
Nigeria,Rwanda,Nigeria,17 runs,Lagos,"Oct 15, 2023",T20I # 2318
Gibraltar,Luxembourg,Luxembourg,11 runs,Gibraltar,"Oct 15, 2023",T20I # 2317
Ghana,Sierra Leone,Sierra Leone,6 wickets,Lagos,"Oct 15, 2023",T20I # 2316
Gibraltar,Luxembourg,Gibraltar,24 runs,Gibraltar,"Oct 15, 2023",T20I # 2315
Ghana,Sierra Leone,Ghana,5 runs,Lagos,"Oct 14, 2023",T20I # 2314
Nigeria,Rwanda,Nigeria,8 wickets,Lagos,"Oct 14, 2023",T20I # 2313
Nigeria,Sierra Leone,Nigeria,53 runs,Lagos,"Oct 12, 2023",T20I # 2312
Ghana,Rwanda,Rwanda,9 wickets,Lagos,"Oct 12, 2023",T20I # 2311
Rwanda,Sierra Leone,Rwanda,5 wickets,Lagos,"Oct 11, 2023",T20I # 2310
Nigeria,Ghana,Nigeria,5 wickets,Lagos,"Oct 11, 2023",T20I # 2309
Rwanda,Sierra Leone,Sierra Leone,2 runs,Lagos,"Oct 10, 2023",T20I # 2308
Nigeria,Ghana,Nigeria,82 runs,Lagos,"Oct 10, 2023",T20I # 2307
Ghana,Rwanda,Rwanda,47 runs,Lagos,"Oct 8, 2023",T20I # 2306
Nigeria,Sierra Leone,Nigeria,9 wickets,Lagos,"Oct 8, 2023",T20I # 2305
Bermuda,Canada,Canada,39 runs,Hamilton,"Oct 7, 2023",T20I # 2304
Ghana,Sierra Leone,Ghana,8 wickets,Lagos,"Oct 7, 2023",T20I # 2303
Nigeria,Rwanda,Nigeria,6 wickets,Lagos,"Oct 7, 2023",T20I # 2302
Afghanistan,India,no result,-,Hangzhou,"Oct 7, 2023",T20I # 2301
Bangladesh,Pakistan,Bangladesh,6 wickets,Hangzhou,"Oct 7, 2023",T20I # 2300
Rwanda,Sierra Leone,Rwanda,33 runs,Lagos,"Oct 6, 2023",T20I # 2299
Nigeria,Ghana,Nigeria,35 runs,Lagos,"Oct 6, 2023",T20I # 2298
Afghanistan,Pakistan,Afghanistan,4 wickets,Hangzhou,"Oct 6, 2023",T20I # 2297
Bangladesh,India,India,9 wickets,Hangzhou,"Oct 6, 2023",T20I # 2296
Ghana,Rwanda,tied,-,Lagos,"Oct 5, 2023",T20I # 2295
Gibraltar,Serbia,Gibraltar,7 wickets,Gibraltar,"Oct 5, 2023",T20I # 2294
Kuwait,Saudi Arabia,Kuwait,4 wickets,Doha,"Oct 5, 2023",T20I # 2293
Nigeria,Sierra Leone,Nigeria,63 runs,Lagos,"Oct 5, 2023",T20I # 2292
Gibraltar,Serbia,Gibraltar,7 wickets,Gibraltar,"Oct 5, 2023",T20I # 2291
Qatar,Maldives,Qatar,42 runs,Doha,"Oct 5, 2023",T20I # 2290
Bermuda,Panama,Bermuda,5 wickets,Hamilton,"Oct 4, 2023",T20I # 2289
Ghana,Sierra Leone,Ghana,3 wickets,Lagos,"Oct 4, 2023",T20I # 2288
Canada,Cayman,Canada,166 runs,Hamilton,"Oct 4, 2023",T20I # 2287
Qatar,Saudi Arabia,Saudi Arabia,7 wickets,Doha,"Oct 4, 2023",T20I # 2286
Nigeria,Rwanda,Nigeria,54 runs,Lagos,"Oct 4, 2023",T20I # 2285
Bangladesh,Malaysia,Bangladesh,2 runs,Hangzhou,"Oct 4, 2023",T20I # 2283
Kuwait,Maldives,Kuwait,8 wickets,Doha,"Oct 4, 2023",T20I # 2284
Afghanistan,Sri Lanka,Afghanistan,8 runs,Hangzhou,"Oct 4, 2023",T20I # 2282
Bermuda,Cayman,Bermuda,53 runs,Hamilton,"Oct 3, 2023",T20I # 2281
Canada,Panama,Canada,163 runs,Hamilton,"Oct 3, 2023",T20I # 2280
Hong Kong,Pakistan,Pakistan,68 runs,Hangzhou,"Oct 3, 2023",T20I # 2279
India,Nepal,India,23 runs,Hangzhou,"Oct 3, 2023",T20I # 2278
Maldives,Saudi Arabia,Saudi Arabia,9 wickets,Doha,"Oct 2, 2023",T20I # 2277
Qatar,Kuwait,Kuwait,5 wickets,Doha,"Oct 2, 2023",T20I # 2276
Malaysia,Thailand,Malaysia,194 runs,Hangzhou,"Oct 2, 2023",T20I # 2275
Canada,Cayman,Canada,108 runs,Sandys Parish,"Oct 1, 2023",T20I # 2274
Bermuda,Panama,Bermuda,7 wickets,Sandys Parish,"Oct 1, 2023",T20I # 2273
Kuwait,Saudi Arabia,Saudi Arabia,3 wickets,Doha,"Oct 1, 2023",T20I # 2272
Hong Kong,Japan,Hong Kong,5 wickets,Hangzhou,"Oct 1, 2023",T20I # 2270
Qatar,Maldives,Qatar,9 wickets,Doha,"Oct 1, 2023",T20I # 2271
Maldives,Nepal,Nepal,138 runs,Hangzhou,"Oct 1, 2023",T20I # 2269
Cayman,Panama,Cayman,7 wickets,Sandys Parish,"Sep 30, 2023",T20I # 2268
Gibraltar,Estonia,Estonia,8 wickets,Gibraltar,"Sep 30, 2023",T20I # 2267
Bermuda,Canada,Bermuda,86 runs,Sandys Parish,"Sep 30, 2023",T20I # 2266
Gibraltar,Estonia,Gibraltar,2 wickets,Gibraltar,"Sep 30, 2023",T20I # 2265
Qatar,Saudi Arabia,Saudi Arabia,4 wickets,Doha,"Sep 29, 2023",T20I # 2264
Singapore,Thailand,Singapore,99 runs,Hangzhou,"Sep 29, 2023",T20I # 2262
Kuwait,Maldives,Kuwait,7 wickets,Doha,"Sep 29, 2023",T20I # 2263
Cambodia,Hong Kong,Hong Kong,9 wickets,Hangzhou,"Sep 29, 2023",T20I # 2261
Maldives,Saudi Arabia,Saudi Arabia,62 runs,Doha,"Sep 28, 2023",T20I # 2260
Maldives,Mongolia,Maldives,9 wickets,Hangzhou,"Sep 28, 2023",T20I # 2258
Qatar,Kuwait,Kuwait,7 wickets,Doha,"Sep 28, 2023",T20I # 2259
Malaysia,Singapore,Malaysia,73 runs,Hangzhou,"Sep 28, 2023",T20I # 2257
Cambodia,Japan,Japan,3 wickets,Hangzhou,"Sep 27, 2023",T20I # 2256
Mongolia,Nepal,Nepal,273 runs,Hangzhou,"Sep 27, 2023",T20I # 2255
Hong Kong,P.N.G.,P.N.G.,1 wicket,Kuala Lumpur,"Sep 24, 2023",T20I # 2254
Oman,U.A.E.,Oman,5 wickets,Doha,"Sep 23, 2023",T20I # 2253
Malaysia,P.N.G.,P.N.G.,4 wickets,Kuala Lumpur,"Sep 23, 2023",T20I # 2252
Kuwait,Oman,Oman,68 runs,Doha,"Sep 22, 2023",T20I # 2251
Bahrain,U.A.E.,Bahrain,3 runs,Doha,"Sep 22, 2023",T20I # 2250
Malaysia,Hong Kong,Malaysia,23 runs,Kuala Lumpur,"Sep 22, 2023",T20I # 2249
Qatar,Saudi Arabia,Qatar,7 wickets,Doha,"Sep 21, 2023",T20I # 2248
Hong Kong,P.N.G.,P.N.G.,22 runs,Kuala Lumpur,"Sep 21, 2023",T20I # 2247
Oman,Saudi Arabia,Oman,47 runs,Doha,"Sep 20, 2023",T20I # 2246
Qatar,U.A.E.,U.A.E.,60 runs,Doha,"Sep 20, 2023",T20I # 2245
Malaysia,P.N.G.,P.N.G.,45 runs,Kuala Lumpur,"Sep 20, 2023",T20I # 2244
Bahrain,Oman,Bahrain,1 run,Doha,"Sep 19, 2023",T20I # 2243
Kuwait,U.A.E.,U.A.E.,31 runs,Doha,"Sep 19, 2023",T20I # 2242
Malaysia,Hong Kong,Malaysia,102 runs,Kuala Lumpur,"Sep 19, 2023",T20I # 2241
Bahrain,Saudi Arabia,Bahrain,6 wickets,Doha,"Sep 18, 2023",T20I # 2240
Qatar,Kuwait,Qatar,1 run,Doha,"Sep 18, 2023",T20I # 2239
Saudi Arabia,U.A.E.,U.A.E.,8 wickets,Doha,"Sep 17, 2023",T20I # 2238
Qatar,Oman,Oman,19 runs,Doha,"Sep 17, 2023",T20I # 2237
Bahrain,Kuwait,Kuwait,8 wickets,Doha,"Sep 16, 2023",T20I # 2236
Oman,U.A.E.,U.A.E.,22 runs,Doha,"Sep 16, 2023",T20I # 2235
Qatar,Bahrain,Qatar,19 runs,Doha,"Sep 15, 2023",T20I # 2234
Kuwait,Saudi Arabia,Kuwait,5 wickets,Doha,"Sep 15, 2023",T20I # 2233
England,New Zealand,New Zealand,6 wickets,Nottingham,"Sep 5, 2023",T20I # 2232
England,New Zealand,New Zealand,74 runs,Birmingham,"Sep 3, 2023",T20I # 2231
South Africa,Australia,Australia,5 wickets,Durban,"Sep 3, 2023",T20I # 2230
England,New Zealand,England,95 runs,Manchester,"Sep 1, 2023",T20I # 2229
South Africa,Australia,Australia,8 wickets,Durban,"Sep 1, 2023",T20I # 2228
Rwanda,Tanzania,Tanzania,49 runs,Rwanda,"Aug 31, 2023",T20I # 2227
Rwanda,Uganda,Uganda,8 wickets,Rwanda,"Aug 31, 2023",T20I # 2226
England,New Zealand,England,7 wickets,Chester-le-Street,"Aug 30, 2023",T20I # 2225
South Africa,Australia,Australia,111 runs,Durban,"Aug 30, 2023",T20I # 2224
Rwanda,Tanzania,Tanzania,59 runs,Rwanda,"Aug 30, 2023",T20I # 2223
Tanzania,Uganda,Uganda,19 runs,Rwanda,"Aug 30, 2023",T20I # 2222
Rwanda,Uganda,Uganda,8 wickets,Rwanda,"Aug 28, 2023",T20I # 2221
Tanzania,Uganda,Uganda,59 runs,Rwanda,"Aug 28, 2023",T20I # 2220
Rwanda,Uganda,Uganda,6 wickets,Rwanda,"Aug 27, 2023",T20I # 2219
Rwanda,Tanzania,Tanzania,9 runs,Rwanda,"Aug 27, 2023",T20I # 2218
Tanzania,Uganda,Uganda,19 runs,Rwanda,"Aug 25, 2023",T20I # 2217
Rwanda,Tanzania,Tanzania,1 wicket,Rwanda,"Aug 25, 2023",T20I # 2216
Tanzania,Uganda,Uganda,60 runs,Rwanda,"Aug 24, 2023",T20I # 2215
Rwanda,Uganda,Uganda,86 runs,Rwanda,"Aug 24, 2023",T20I # 2214
Rwanda,Tanzania,Tanzania,7 wickets,Rwanda,"Aug 22, 2023",T20I # 2213
Rwanda,Uganda,Uganda,61 runs,Rwanda,"Aug 22, 2023",T20I # 2212
Tanzania,Uganda,Tanzania,3 wickets,Rwanda,"Aug 21, 2023",T20I # 2211
Rwanda,Tanzania,Rwanda,7 wickets,Rwanda,"Aug 21, 2023",T20I # 2210
Ireland,India,India,33 runs,Dublin (Malahide),"Aug 20, 2023",T20I # 2208
U.A.E.,New Zealand,New Zealand,32 runs,Dubai (DICS),"Aug 20, 2023",T20I # 2209
Tanzania,Uganda,Uganda,6 wickets,Rwanda,"Aug 20, 2023",T20I # 2207
Romania,Malta,Romania,6 runs,Ilfov County,"Aug 20, 2023",T20I # 2206
Rwanda,Uganda,Uganda,40 runs,Rwanda,"Aug 20, 2023",T20I # 2205
Romania,Malta,Romania,9 wickets,Ilfov County,"Aug 20, 2023",T20I # 2204
U.A.E.,New Zealand,U.A.E.,7 wickets,Dubai (DICS),"Aug 19, 2023",T20I # 2203
Romania,Malta,Romania,3 wickets,Ilfov County,"Aug 19, 2023",T20I # 2202
Romania,Malta,Malta,4 wickets,Ilfov County,"Aug 19, 2023",T20I # 2201
Ireland,India,India,2 runs,Dublin (Malahide),"Aug 18, 2023",T20I # 2200
Romania,Malta,Malta,8 wickets,Ilfov County,"Aug 18, 2023",T20I # 2199
U.A.E.,New Zealand,New Zealand,19 runs,Dubai (DICS),"Aug 17, 2023",T20I # 2198
Germany,Guernsey,Guernsey,10 runs,Deventer,"Aug 15, 2023",T20I # 2197
Germany,Guernsey,Guernsey,5 wickets,Deventer,"Aug 14, 2023",T20I # 2196
Germany,Guernsey,Germany,9 wickets,Deventer,"Aug 14, 2023",T20I # 2195
India,West Indies,West Indies,8 wickets,Lauderhill,"Aug 13, 2023",T20I # 2194
India,West Indies,India,9 wickets,Lauderhill,"Aug 12, 2023",T20I # 2193
West Indies,India,India,7 wickets,Providence,"Aug 8, 2023",T20I # 2192
West Indies,India,West Indies,2 wickets,Providence,"Aug 6, 2023",T20I # 2191
Hungary,Croatia,Hungary,7 wickets,Szodliget,"Aug 6, 2023",T20I # 2190
Hungary,Croatia,Hungary,145 runs,Szodliget,"Aug 5, 2023",T20I # 2189
West Indies,India,West Indies,4 runs,Tarouba,"Aug 3, 2023",T20I # 2188
Malaysia,Thailand,Malaysia,7 wickets,Kuala Lumpur,"Aug 1, 2023",T20I # 2187
China,Myanmar,China,5 wickets,Kuala Lumpur,"Jul 31, 2023",T20I # 2186
Bhutan,Thailand,Thailand,8 wickets,Kuala Lumpur,"Jul 31, 2023",T20I # 2185
Malaysia,Myanmar,Malaysia,184 runs,Kuala Lumpur,"Jul 30, 2023",T20I # 2184
Bhutan,China,Bhutan,95 runs,Kuala Lumpur,"Jul 30, 2023",T20I # 2183
P.N.G.,Japan,P.N.G.,6 wickets,Port Moresby,"Jul 29, 2023",T20I # 2182
Philippines,Vanuatu,Vanuatu,3 wickets,Port Moresby,"Jul 29, 2023",T20I # 2181
Scotland,Ireland,Scotland,8 runs,Edinburgh,"Jul 28, 2023",T20I # 2180
Germany,Italy,Italy,4 wickets,Edinburgh,"Jul 28, 2023",T20I # 2178
Denmark,Jersey,Jersey,28 runs,Edinburgh (Golden),"Jul 28, 2023",T20I # 2179
P.N.G.,Philippines,P.N.G.,100 runs,Port Moresby,"Jul 28, 2023",T20I # 2177
Myanmar,Thailand,Thailand,101 runs,Kuala Lumpur,"Jul 28, 2023",T20I # 2176
Japan,Vanuatu,Vanuatu,5 wickets,Port Moresby,"Jul 28, 2023",T20I # 2175
Scotland,Denmark,Scotland,33 runs,Edinburgh,"Jul 27, 2023",T20I # 2174
Malaysia,Bhutan,Malaysia,75 runs,Kuala Lumpur,"Jul 27, 2023",T20I # 2173
China,Thailand,Thailand,9 wickets,Kuala Lumpur,"Jul 27, 2023",T20I # 2172
Bhutan,Myanmar,Bhutan,31 runs,Kuala Lumpur,"Jul 26, 2023",T20I # 2171
Japan,Philippines,Japan,33 runs,Port Moresby,"Jul 26, 2023",T20I # 2170
Malaysia,China,Malaysia,8 wickets,Kuala Lumpur,"Jul 26, 2023",T20I # 2169
P.N.G.,Vanuatu,P.N.G.,39 runs,Port Moresby,"Jul 26, 2023",T20I # 2168
Germany,Jersey,Jersey,51 runs,Edinburgh,"Jul 25, 2023",T20I # 2167
Denmark,Italy,Italy,26 runs,Edinburgh,"Jul 25, 2023",T20I # 2165
Scotland,Austria,Scotland,166 runs,Edinburgh (Golden),"Jul 25, 2023",T20I # 2166
P.N.G.,Japan,P.N.G.,6 wickets,Port Moresby,"Jul 25, 2023",T20I # 2164
Philippines,Vanuatu,Philippines,6 wickets,Port Moresby,"Jul 25, 2023",T20I # 2163
Ireland,Jersey,Ireland,9 wickets,Edinburgh (Golden),"Jul 24, 2023",T20I # 2162
Scotland,Italy,Scotland,155 runs,Edinburgh,"Jul 24, 2023",T20I # 2160
Austria,Denmark,Denmark,8 wickets,Edinburgh (Golden),"Jul 24, 2023",T20I # 2161
Denmark,Germany,Germany,6 wickets,Edinburgh,"Jul 23, 2023",T20I # 2159
Austria,Ireland,Ireland,128 runs,Edinburgh,"Jul 23, 2023",T20I # 2157
Italy,Jersey,Italy,25 runs,Edinburgh (Golden),"Jul 23, 2023",T20I # 2158
P.N.G.,Philippines,P.N.G.,117 runs,Port Moresby,"Jul 23, 2023",T20I # 2156
Japan,Vanuatu,Japan,21 runs,Port Moresby,"Jul 23, 2023",T20I # 2155
P.N.G.,Vanuatu,P.N.G.,9 wickets,Port Moresby,"Jul 22, 2023",T20I # 2154
Japan,Philippines,Japan,53 runs,Port Moresby,"Jul 22, 2023",T20I # 2153
Scotland,Jersey,Scotland,14 runs,Edinburgh,"Jul 21, 2023",T20I # 2152
Denmark,Ireland,Ireland,9 wickets,Edinburgh,"Jul 21, 2023",T20I # 2150
Austria,Germany,Germany,9 wickets,Edinburgh (Golden),"Jul 21, 2023",T20I # 2151
Scotland,Germany,Scotland,72 runs,Edinburgh (Golden),"Jul 20, 2023",T20I # 2149
Austria,Jersey,Jersey,8 wickets,Edinburgh,"Jul 20, 2023",T20I # 2147
Ireland,Italy,Ireland,7 runs,Edinburgh (Golden),"Jul 20, 2023",T20I # 2148
Malta,Switzerland,Switzerland,6 wickets,Marsa,"Jul 16, 2023",T20I # 2146
Bangladesh,Afghanistan,Bangladesh,6 wickets,Sylhet,"Jul 16, 2023",T20I # 2145
Luxembourg,Romania,Romania,7 wickets,Marsa,"Jul 16, 2023",T20I # 2144
Malta,France,Malta,7 wickets,Marsa,"Jul 16, 2023",T20I # 2143
France,Luxembourg,Luxembourg,4 wickets,Marsa,"Jul 15, 2023",T20I # 2142
Malta,Switzerland,Switzerland,6 wickets,Marsa,"Jul 15, 2023",T20I # 2141
Luxembourg,Romania,Luxembourg,7 wickets,Marsa,"Jul 15, 2023",T20I # 2140
France,Switzerland,Switzerland,6 wickets,Marsa,"Jul 14, 2023",T20I # 2139
Bangladesh,Afghanistan,Bangladesh,2 wickets,Sylhet,"Jul 14, 2023",T20I # 2138
Malta,Romania,Malta,41 runs,Marsa,"Jul 14, 2023",T20I # 2137
Luxembourg,Switzerland,Switzerland,8 wickets,Marsa,"Jul 14, 2023",T20I # 2136
France,Romania,France,88 runs,Marsa,"Jul 13, 2023",T20I # 2135
Romania,Switzerland,Switzerland,6 wickets,Marsa,"Jul 13, 2023",T20I # 2134
Malta,Luxembourg,Malta,6 wickets,Marsa,"Jul 13, 2023",T20I # 2133
Malta,France,France,30 runs,Marsa,"Jul 12, 2023",T20I # 2132
France,Luxembourg,France,9 wickets,Marsa,"Jul 12, 2023",T20I # 2131
Malta,Luxembourg,Luxembourg,4 wickets,Marsa,"Jul 12, 2023",T20I # 2130
France,Luxembourg,France,51 runs,Marsa,"Jul 11, 2023",T20I # 2129
Malta,Luxembourg,Malta,42 runs,Marsa,"Jul 11, 2023",T20I # 2128
Isle of Man,Austria,no result,-,Castletown,"Jul 10, 2023",T20I # 2127
Malta,France,Malta,4 runs,Marsa,"Jul 10, 2023",T20I # 2126
Malta,France,France,9 runs,Marsa,"Jul 10, 2023",T20I # 2125
Isle of Man,Austria,Isle of Man,5 wickets,Castletown,"Jul 9, 2023",T20I # 2124
Isle of Man,Austria,Isle of Man,6 wickets,Castletown,"Jul 9, 2023",T20I # 2123
Jersey,Guernsey,Jersey,4 wickets,St Martin,"Jul 8, 2023",T20I # 2122
Jersey,Guernsey,Jersey,7 wickets,St Martin,"Jul 7, 2023",T20I # 2121
Austria,Germany,Germany,8 wickets,Deventer,"Jun 30, 2023",T20I # 2120
Austria,Germany,Germany,6 wickets,Deventer,"Jun 29, 2023",T20I # 2119
Bulgaria,Serbia,no result,-,Sofia,"Jun 25, 2023",T20I # 2118
Luxembourg,Switzerland,Switzerland,8 wickets,Walferdange,"Jun 25, 2023",T20I # 2117
Croatia,Turkey,no result,-,Sofia,"Jun 25, 2023",T20I # 2116
Bulgaria,Turkey,Bulgaria,8 wickets,Sofia,"Jun 24, 2023",T20I # 2115
Croatia,Serbia,Serbia,9 wickets,Sofia,"Jun 24, 2023",T20I # 2114
Luxembourg,Switzerland,Luxembourg,3 wickets,Walferdange,"Jun 24, 2023",T20I # 2113
Croatia,Turkey,Turkey,8 wickets,Sofia,"Jun 24, 2023",T20I # 2112
Bulgaria,Serbia,Serbia,5 wickets,Sofia,"Jun 23, 2023",T20I # 2111
Bulgaria,Croatia,Bulgaria,9 wickets,Sofia,"Jun 23, 2023",T20I # 2110
Serbia,Turkey,Serbia,70 runs,Sofia,"Jun 23, 2023",T20I # 2109
Kenya,Uganda,Uganda,1 run,Nairobi (Gym),"Jun 21, 2023",T20I # 2108
Rwanda,Uganda,Uganda,94 runs,Nairobi (Gym),"Jun 19, 2023",T20I # 2107
Kenya,Botswana,Kenya,6 wickets,Nairobi (Gym),"Jun 19, 2023",T20I # 2106
Kenya,Uganda,Uganda,5 wickets,Nairobi (Gym),"Jun 18, 2023",T20I # 2105
Botswana,Rwanda,Rwanda,7 wickets,Nairobi (Gym),"Jun 18, 2023",T20I # 2104
Kenya,Rwanda,Kenya,7 wickets,Nairobi (Gym),"Jun 17, 2023",T20I # 2103
Botswana,Uganda,Uganda,7 wickets,Nairobi (Gym),"Jun 17, 2023",T20I # 2102
Kenya,Botswana,Botswana,30 runs,Nairobi (Gym),"Jun 15, 2023",T20I # 2101
Rwanda,Uganda,Uganda,7 wickets,Nairobi (Gym),"Jun 15, 2023",T20I # 2100
Kenya,Rwanda,Kenya,7 wickets,Nairobi (Gym),"Jun 14, 2023",T20I # 2099
Botswana,Uganda,Uganda,64 runs,Nairobi (Gym),"Jun 14, 2023",T20I # 2098
Kenya,Uganda,Uganda,47 runs,Nairobi (Gym),"Jun 13, 2023",T20I # 2097
Botswana,Rwanda,Rwanda,27 runs,Nairobi (Gym),"Jun 13, 2023",T20I # 2096
Czech Rep.,Hungary,Czech Rep.,3 wickets,Vinor,"Jun 11, 2023",T20I # 2095
Rwanda,Uganda,Uganda,8 wickets,Nairobi (Gym),"Jun 11, 2023",T20I # 2094
Germany,Belgium,Germany,8 wickets,Krefeld,"Jun 11, 2023",T20I # 2093
Czech Rep.,Hungary,tied,-,Vinor,"Jun 11, 2023",T20I # 2092
Kenya,Botswana,Kenya,8 wickets,Nairobi (Gym),"Jun 11, 2023",T20I # 2091
Germany,Belgium,Germany,4 wickets,Krefeld,"Jun 10, 2023",T20I # 2090
Czech Rep.,Hungary,Czech Rep.,9 runs,Vinor,"Jun 10, 2023",T20I # 2089
Kenya,Uganda,Kenya,88 runs,Nairobi (Gym),"Jun 10, 2023",T20I # 2088
Germany,Belgium,Germany,5 wickets,Krefeld,"Jun 10, 2023",T20I # 2087
Botswana,Rwanda,Botswana,33 runs,Nairobi (Gym),"Jun 10, 2023",T20I # 2086
Germany,Belgium,Germany,6 runs,Krefeld,"Jun 9, 2023",T20I # 2085
Botswana,Uganda,Uganda,6 wickets,Nairobi (Gym),"Jun 9, 2023",T20I # 2084
Kenya,Rwanda,Kenya,3 wickets,Nairobi (Gym),"Jun 9, 2023",T20I # 2083
Botswana,Mozambique,Botswana,7 wickets,Benoni,"Jun 1, 2023",T20I # 2082
Eswatini,Mozambique,Mozambique,6 wickets,Benoni,"May 30, 2023",T20I # 2081
Botswana,Malawi,Botswana,100 runs,Benoni,"May 30, 2023",T20I # 2080
Botswana,Eswatini,Botswana,107 runs,Benoni,"May 29, 2023",T20I # 2079
Malawi,Mozambique,Malawi,9 wickets,Benoni,"May 28, 2023",T20I # 2078
Eswatini,Malawi,Malawi,53 runs,Benoni,"May 27, 2023",T20I # 2077
Finland,Sweden,tied,-,Glostrup,"May 21, 2023",T20I # 2076
Finland,Norway,Norway,7 wickets,Glostrup,"May 20, 2023",T20I # 2075
Finland,Sweden,Finland,7 runs,Brondby,"May 20, 2023",T20I # 2074
Denmark,Finland,Denmark,8 wickets,Brondby,"May 19, 2023",T20I # 2072
Norway,Sweden,Sweden,53 runs,Glostrup,"May 19, 2023",T20I # 2073
Denmark,Sweden,Sweden,10 wickets,Brondby,"May 19, 2023",T20I # 2070
Finland,Norway,Norway,30 runs,Glostrup,"May 19, 2023",T20I # 2071
Denmark,Finland,Denmark,72 runs,Brondby,"May 18, 2023",T20I # 2068
Norway,Sweden,Norway,75 runs,Glostrup,"May 18, 2023",T20I # 2069
Denmark,Norway,Denmark,9 wickets,Brondby,"May 18, 2023",T20I # 2067
Cambodia,Malaysia,Cambodia,12 runs,Phnom Penh,"May 11, 2023",T20I # 2066
Indonesia,Singapore,Singapore,15 runs,Phnom Penh,"May 11, 2023",T20I # 2065
Cambodia,Philippines,Cambodia,8 runs,Phnom Penh,"May 10, 2023",T20I # 2064
Gibraltar,Malta,Malta,1 run,Gibraltar,"May 7, 2023",T20I # 2063
Gibraltar,Portugal,Portugal,1 wicket,Gibraltar,"May 7, 2023",T20I # 2062
Malta,Portugal,Portugal,7 wickets,Gibraltar,"May 6, 2023",T20I # 2061
Gibraltar,Portugal,Portugal,9 wickets,Gibraltar,"May 6, 2023",T20I # 2060
Gibraltar,Malta,Gibraltar,80 runs,Gibraltar,"May 6, 2023",T20I # 2059
Gibraltar,Malta,Gibraltar,43 runs,Gibraltar,"May 5, 2023",T20I # 2058
Malta,Portugal,Portugal,17 runs,Gibraltar,"May 5, 2023",T20I # 2057
Gibraltar,Portugal,Portugal,7 wickets,Gibraltar,"May 4, 2023",T20I # 2056
Malta,Portugal,Portugal,84 runs,Gibraltar,"May 4, 2023",T20I # 2055
Cambodia,Singapore,Cambodia,15 runs,Phnom Penh,"May 4, 2023",T20I # 2054
Malaysia,Thailand,Malaysia,8 wickets,Phnom Penh,"May 4, 2023",T20I # 2053
Philippines,Singapore,Singapore,87 runs,Phnom Penh,"May 3, 2023",T20I # 2052
Indonesia,Malaysia,Malaysia,94 runs,Phnom Penh,"May 2, 2023",T20I # 2051
Indonesia,Thailand,Indonesia,32 runs,Phnom Penh,"May 1, 2023",T20I # 2050
Pakistan,New Zealand,New Zealand,6 wickets,Rawalpindi,"Apr 24, 2023",T20I # 2049
Pakistan,New Zealand,no result,-,Rawalpindi,"Apr 20, 2023",T20I # 2048
Pakistan,New Zealand,New Zealand,4 runs,Lahore,"Apr 17, 2023",T20I # 2047
Pakistan,New Zealand,Pakistan,38 runs,Lahore,"Apr 15, 2023",T20I # 2046
Pakistan,New Zealand,Pakistan,88 runs,Lahore,"Apr 14, 2023",T20I # 2045
Portugal,Gibraltar,Portugal,5 wickets,Albergaria,"Apr 11, 2023",T20I # 2044
Portugal,Gibraltar,Portugal,5 wickets,Albergaria,"Apr 11, 2023",T20I # 2043
Portugal,Gibraltar,Portugal,124 runs,Albergaria,"Apr 10, 2023",T20I # 2042
New Zealand,Sri Lanka,New Zealand,4 wickets,Queenstown,"Apr 8, 2023",T20I # 2041
New Zealand,Sri Lanka,New Zealand,9 wickets,Dunedin,"Apr 5, 2023",T20I # 2040
New Zealand,Sri Lanka,tied,-,Auckland,"Apr 2, 2023",T20I # 2039
Bangladesh,Ireland,Ireland,7 wickets,Chattogram,"Mar 31, 2023",T20I # 2038
Bangladesh,Ireland,Bangladesh,77 runs,Chattogram,"Mar 29, 2023",T20I # 2037
South Africa,West Indies,West Indies,7 runs,Johannesburg,"Mar 28, 2023",T20I # 2036
Afghanistan,Pakistan,Pakistan,66 runs,Sharjah,"Mar 27, 2023",T20I # 2035
Bangladesh,Ireland,Bangladesh,22 runs,Chattogram,"Mar 27, 2023",T20I # 2034
Afghanistan,Pakistan,Afghanistan,7 wickets,Sharjah,"Mar 26, 2023",T20I # 2033
South Africa,West Indies,South Africa,6 wickets,Centurion,"Mar 26, 2023",T20I # 2032
South Africa,West Indies,West Indies,3 wickets,Centurion,"Mar 25, 2023",T20I # 2031
Afghanistan,Pakistan,Afghanistan,6 wickets,Sharjah,"Mar 24, 2023",T20I # 2030
Fiji,Samoa,Fiji,22 runs,Suva,"Mar 18, 2023",T20I # 2029
Fiji,Vanuatu,Vanuatu,26 runs,Suva,"Mar 17, 2023",T20I # 2028
Fiji,Vanuatu,Vanuatu,102 runs,Suva,"Mar 16, 2023",T20I # 2027
Bangladesh,England,Bangladesh,16 runs,Mirpur,"Mar 14, 2023",T20I # 2026
Fiji,Samoa,Fiji,66 runs,Suva,"Mar 14, 2023",T20I # 2025
Samoa,Vanuatu,Vanuatu,17 runs,Suva,"Mar 13, 2023",T20I # 2024
Bangladesh,England,Bangladesh,4 wickets,Mirpur,"Mar 12, 2023",T20I # 2023
Hong Kong,Malaysia,Hong Kong,39 runs,Mong Kok,"Mar 12, 2023",T20I # 2022
Bahrain,Kuwait,Kuwait,6 wickets,Mong Kok,"Mar 12, 2023",T20I # 2021
Hong Kong,Malaysia,Hong Kong,4 wickets,Mong Kok,"Mar 11, 2023",T20I # 2020
Bahrain,Kuwait,Bahrain,4 wickets,Mong Kok,"Mar 11, 2023",T20I # 2019
Bangladesh,England,Bangladesh,6 wickets,Chattogram,"Mar 9, 2023",T20I # 2018
Hong Kong,Kuwait,Hong Kong,11 runs,Mong Kok,"Mar 9, 2023",T20I # 2017
Bahrain,Malaysia,Malaysia,53 runs,Mong Kok,"Mar 9, 2023",T20I # 2016
Hong Kong,Bahrain,Hong Kong,15 runs,Mong Kok,"Mar 8, 2023",T20I # 2015
Kuwait,Malaysia,Malaysia,3 wickets,Mong Kok,"Mar 8, 2023",T20I # 2014
Argentina,Cayman,Cayman,3 wickets,Buenos Aires,"Mar 4, 2023",T20I # 2013
Bahamas,Bermuda,Bermuda,9 wickets,Buenos Aires,"Mar 4, 2023",T20I # 2012
Argentina,Bahamas,Argentina,43 runs,Buenos Aires,"Mar 2, 2023",T20I # 2011
Cayman,Panama,Cayman,12 runs,Buenos Aires,"Mar 2, 2023",T20I # 2010
Bermuda,Panama,Bermuda,60 runs,Buenos Aires,"Feb 28, 2023",T20I # 2009
Bahamas,Cayman,Cayman,31 runs,Buenos Aires,"Feb 28, 2023",T20I # 2008
Argentina,Bermuda,Bermuda,110 runs,Buenos Aires,"Feb 26, 2023",T20I # 2007
Bahamas,Panama,Bahamas,4 wickets,Buenos Aires,"Feb 26, 2023",T20I # 2006
Spain,Isle of Man,Spain,10 wickets,Cartagena,"Feb 26, 2023",T20I # 2005
Spain,Isle of Man,Spain,7 wickets,Cartagena,"Feb 26, 2023",T20I # 2004
Bermuda,Cayman,Bermuda,96 runs,Buenos Aires,"Feb 25, 2023",T20I # 2003
Argentina,Panama,Panama,53 runs,Buenos Aires,"Feb 25, 2023",T20I # 2002
Spain,Isle of Man,Spain,6 wickets,Cartagena,"Feb 25, 2023",T20I # 2001
Spain,Isle of Man,Spain,8 wickets,Cartagena,"Feb 25, 2023",T20I # 2000
Spain,Isle of Man,no result,-,Cartagena,"Feb 24, 2023",T20I # 1999
Spain,Isle of Man,Spain,81 runs,Cartagena,"Feb 24, 2023",T20I # 1998
Argentina,Bermuda,Bermuda,107 runs,Buenos Aires,"Feb 22, 2023",T20I # 1997
Argentina,Bermuda,Bermuda,6 wickets,Buenos Aires,"Feb 21, 2023",T20I # 1996
U.A.E.,Afghanistan,Afghanistan,6 wickets,Abu Dhabi,"Feb 19, 2023",T20I # 1995
U.A.E.,Afghanistan,U.A.E.,9 wickets,Abu Dhabi,"Feb 18, 2023",T20I # 1994
U.A.E.,Afghanistan,Afghanistan,5 wickets,Abu Dhabi,"Feb 16, 2023",T20I # 1993
India,New Zealand,India,168 runs,Ahmedabad,"Feb 1, 2023",T20I # 1992
India,New Zealand,India,6 wickets,Lucknow,"Jan 29, 2023",T20I # 1991
India,New Zealand,New Zealand,21 runs,Ranchi,"Jan 27, 2023",T20I # 1990
Zimbabwe,Ireland,Zimbabwe,4 wickets,Harare,"Jan 15, 2023",T20I # 1989
Zimbabwe,Ireland,Ireland,6 wickets,Harare,"Jan 14, 2023",T20I # 1988
Zimbabwe,Ireland,Zimbabwe,5 wickets,Harare,"Jan 12, 2023",T20I # 1987
India,Sri Lanka,India,91 runs,Rajkot,"Jan 7, 2023",T20I # 1986
India,Sri Lanka,Sri Lanka,16 runs,Pune,"Jan 5, 2023",T20I # 1985
India,Sri Lanka,India,2 runs,Wankhede,"Jan 3, 2023",T20I # 1984
Tanzania,Uganda,no result,-,Rwanda,"Dec 23, 2022",T20I # 1983
Rwanda,Uganda,Uganda,3 runs,Rwanda,"Dec 23, 2022",T20I # 1982
Malaysia,Bahrain,Bahrain,6 wickets,Bangi,"Dec 23, 2022",T20I # 1981
Qatar,Singapore,Qatar,9 wickets,Bangi,"Dec 23, 2022",T20I # 1980
Tanzania,Uganda,Uganda,7 runs,Rwanda,"Dec 22, 2022",T20I # 1979
Rwanda,Tanzania,Tanzania,28 runs,Rwanda,"Dec 22, 2022",T20I # 1978
Bahrain,Qatar,no result,-,Bangi,"Dec 22, 2022",T20I # 1977
Malaysia,Singapore,Malaysia,143 runs,Bangi,"Dec 22, 2022",T20I # 1976
Malaysia,Qatar,no result,-,Bangi,"Dec 21, 2022",T20I # 1975
Bahrain,Singapore,Bahrain,6 wickets,Bangi,"Dec 21, 2022",T20I # 1974
Rwanda,Uganda,Uganda,7 wickets,Rwanda,"Dec 20, 2022",T20I # 1973
Rwanda,Tanzania,Tanzania,31 runs,Rwanda,"Dec 20, 2022",T20I # 1972
Rwanda,Uganda,Uganda,9 wickets,Rwanda,"Dec 19, 2022",T20I # 1971
Tanzania,Uganda,Tanzania,5 wickets,Rwanda,"Dec 19, 2022",T20I # 1970
Malaysia,Bahrain,Malaysia,7 wickets,Bangi,"Dec 19, 2022",T20I # 1969
Qatar,Singapore,Qatar,8 wickets,Bangi,"Dec 19, 2022",T20I # 1968
Rwanda,Tanzania,Tanzania,6 wickets,Rwanda,"Dec 18, 2022",T20I # 1967
Tanzania,Uganda,Uganda,2 runs,Rwanda,"Dec 18, 2022",T20I # 1966
Malaysia,Singapore,Malaysia,120 runs,Bangi,"Dec 18, 2022",T20I # 1965
Bahrain,Qatar,Bahrain,13 runs,Bangi,"Dec 18, 2022",T20I # 1964
Rwanda,Tanzania,Rwanda,1 run,Rwanda,"Dec 16, 2022",T20I # 1963
Rwanda,Uganda,Uganda,97 runs,Rwanda,"Dec 16, 2022",T20I # 1962
Bahrain,Singapore,tied,-,Bangi,"Dec 16, 2022",T20I # 1961
Malaysia,Qatar,Malaysia,8 wickets,Bangi,"Dec 16, 2022",T20I # 1960
Tanzania,Uganda,Uganda,13 runs,Rwanda,"Dec 15, 2022",T20I # 1959
Rwanda,Uganda,Uganda,133 runs,Rwanda,"Dec 15, 2022",T20I # 1958
Qatar,Singapore,Qatar,5 wickets,Bangi,"Dec 15, 2022",T20I # 1957
Malaysia,Bahrain,Malaysia,11 runs,Bangi,"Dec 15, 2022",T20I # 1956
Tanzania,Uganda,no result,-,Rwanda,"Dec 14, 2022",T20I # 1955
Rwanda,Uganda,Uganda,85 runs,Rwanda,"Dec 14, 2022",T20I # 1954
Rwanda,Tanzania,Tanzania,5 wickets,Rwanda,"Dec 13, 2022",T20I # 1953
Rwanda,Tanzania,Tanzania,66 runs,Rwanda,"Dec 13, 2022",T20I # 1952
Cameroon,Tanzania,Tanzania,184 runs,Kigali,"Dec 9, 2022",T20I # 1950
Ghana,Nigeria,Nigeria,6 wickets,Rwanda,"Dec 9, 2022",T20I # 1951
Cameroon,Gambia,Gambia,11 runs,Kigali,"Dec 9, 2022",T20I # 1948
Mozambique,Sierra Leone,Mozambique,5 wickets,Rwanda,"Dec 9, 2022",T20I # 1949
Gambia,Mozambique,Mozambique,40 runs,Kigali,"Dec 8, 2022",T20I # 1946
Nigeria,Tanzania,no result,-,Rwanda,"Dec 8, 2022",T20I # 1947
Cameroon,Eswatini,no result,-,Kigali,"Dec 8, 2022",T20I # 1944
Gambia,Ghana,Ghana,138 runs,Rwanda,"Dec 8, 2022",T20I # 1945
Cameroon,Ghana,Ghana,107 runs,Kigali,"Dec 6, 2022",T20I # 1942
Gambia,Tanzania,Tanzania,10 wickets,Rwanda,"Dec 6, 2022",T20I # 1943
Gambia,Sierra Leone,Sierra Leone,8 wickets,Kigali,"Dec 6, 2022",T20I # 1940
Eswatini,Tanzania,Tanzania,66 runs,Rwanda,"Dec 6, 2022",T20I # 1941
Cameroon,Nigeria,Nigeria,17 runs,Rwanda,"Dec 5, 2022",T20I # 1938
Ghana,Sierra Leone,Sierra Leone,18 runs,Kigali,"Dec 5, 2022",T20I # 1939
Eswatini,Sierra Leone,Sierra Leone,4 runs,Kigali,"Dec 5, 2022",T20I # 1936
Mozambique,Tanzania,Tanzania,6 wickets,Rwanda,"Dec 5, 2022",T20I # 1937
Gambia,Nigeria,Nigeria,9 wickets,Kigali,"Dec 4, 2022",T20I # 1934
Ghana,Tanzania,Tanzania,4 wickets,Rwanda,"Dec 4, 2022",T20I # 1935
Cameroon,Mozambique,Mozambique,9 wickets,Rwanda,"Dec 4, 2022",T20I # 1932
Eswatini,Nigeria,Nigeria,118 runs,Kigali,"Dec 4, 2022",T20I # 1933
Cameroon,Sierra Leone,Sierra Leone,1 wicket,Rwanda,"Dec 2, 2022",T20I # 1930
Eswatini,Mozambique,Mozambique,9 wickets,Kigali,"Dec 2, 2022",T20I # 1931
Ghana,Mozambique,Mozambique,7 wickets,Kigali,"Dec 2, 2022",T20I # 1928
Nigeria,Sierra Leone,Nigeria,6 wickets,Rwanda,"Dec 2, 2022",T20I # 1929
Eswatini,Gambia,Eswatini,5 wickets,Kigali,"Dec 1, 2022",T20I # 1926
Mozambique,Nigeria,Nigeria,8 wickets,Rwanda,"Dec 1, 2022",T20I # 1927
Eswatini,Ghana,Ghana,25 runs,Kigali,"Dec 1, 2022",T20I # 1924
Sierra Leone,Tanzania,Tanzania,9 wickets,Rwanda,"Dec 1, 2022",T20I # 1925
Kenya,Seychelles,Kenya,7 wickets,Rwanda,"Nov 25, 2022",T20I # 1922
Rwanda,Lesotho,no result,-,Kigali,"Nov 25, 2022",T20I # 1923
Botswana,St Helena,Botswana,60 runs,Rwanda,"Nov 25, 2022",T20I # 1920
Lesotho,Malawi,Malawi,118 runs,Kigali,"Nov 25, 2022",T20I # 1921
Botswana,Kenya,Kenya,8 wickets,Rwanda,"Nov 24, 2022",T20I # 1918
Rwanda,Mali,Rwanda,10 wickets,Kigali,"Nov 24, 2022",T20I # 1919
Malawi,St Helena,Malawi,10 wickets,Rwanda,"Nov 24, 2022",T20I # 1916
Rwanda,Seychelles,Rwanda,75 runs,Kigali,"Nov 24, 2022",T20I # 1917
Malawi,Seychelles,no result,-,Rwanda,"Nov 22, 2022",T20I # 1914
Mali,St Helena,no result,-,Kigali,"Nov 22, 2022",T20I # 1915
Botswana,Mali,Botswana,5 wickets,Rwanda,"Nov 22, 2022",T20I # 1912
Lesotho,St Helena,St Helena,45 runs,Kigali,"Nov 22, 2022",T20I # 1913
New Zealand,India,tied,-,Napier,"Nov 22, 2022",T20I # 1911
Oman,Canada,Canada,8 wickets,Al Amerat,"Nov 21, 2022",T20I # 1910
Bahrain,Saudi Arabia,Saudi Arabia,32 runs,Al Amerat,"Nov 21, 2022",T20I # 1909
Rwanda,Malawi,Rwanda,41 runs,Rwanda,"Nov 21, 2022",T20I # 1907
Seychelles,St Helena,St Helena,2 runs,Kigali,"Nov 21, 2022",T20I # 1908
Kenya,Lesotho,Kenya,167 runs,Kigali,"Nov 21, 2022",T20I # 1905
Malawi,Mali,Malawi,74 runs,Rwanda,"Nov 21, 2022",T20I # 1906
Bahrain,Saudi Arabia,Saudi Arabia,9 wickets,Al Amerat,"Nov 20, 2022",T20I # 1904
Oman,Canada,Canada,3 wickets,Al Amerat,"Nov 20, 2022",T20I # 1903
Lesotho,Seychelles,Lesotho,7 wickets,Kigali,"Nov 20, 2022",T20I # 1901
Rwanda,Kenya,Kenya,9 wickets,Rwanda,"Nov 20, 2022",T20I # 1902
Botswana,Malawi,Malawi,4 wickets,Rwanda,"Nov 20, 2022",T20I # 1899
Kenya,Mali,Kenya,10 wickets,Kigali,"Nov 20, 2022",T20I # 1900
New Zealand,India,India,65 runs,Mount Maunganui,"Nov 20, 2022",T20I # 1898
Oman,Bahrain,Oman,106 runs,Al Amerat,"Nov 19, 2022",T20I # 1897
Canada,Saudi Arabia,Canada,45 runs,Al Amerat,"Nov 19, 2022",T20I # 1896
Kenya,Malawi,no result,-,Rwanda,"Nov 18, 2022",T20I # 1894
Mali,Seychelles,no result,-,Kigali,"Nov 18, 2022",T20I # 1895
Botswana,Lesotho,Botswana,10 wickets,Kigali,"Nov 18, 2022",T20I # 1892
Rwanda,St Helena,Rwanda,54 runs,Rwanda,"Nov 18, 2022",T20I # 1893
Bahrain,Canada,Bahrain,8 wickets,Al Amerat,"Nov 17, 2022",T20I # 1891
Oman,Saudi Arabia,Oman,7 wickets,Al Amerat,"Nov 17, 2022",T20I # 1890
Botswana,Seychelles,no result,-,Kigali,"Nov 17, 2022",T20I # 1888
Kenya,St Helena,no result,-,Rwanda,"Nov 17, 2022",T20I # 1889
Lesotho,Mali,Lesotho,31 runs,Kigali,"Nov 17, 2022",T20I # 1886
Rwanda,Botswana,Rwanda,5 wickets,Rwanda,"Nov 17, 2022",T20I # 1887
Oman,Canada,Canada,1 run,Al Amerat,"Nov 16, 2022",T20I # 1885
Bahrain,Saudi Arabia,Bahrain,53 runs,Al Amerat,"Nov 16, 2022",T20I # 1884
Oman,Bahrain,Bahrain,6 wickets,Al Amerat,"Nov 15, 2022",T20I # 1883
Canada,Saudi Arabia,Canada,66 runs,Al Amerat,"Nov 15, 2022",T20I # 1882
Bahrain,Canada,Canada,4 wickets,Al Amerat,"Nov 14, 2022",T20I # 1881
Oman,Saudi Arabia,Oman,9 wickets,Al Amerat,"Nov 14, 2022",T20I # 1880
England,Pakistan,England,5 wickets,Melbourne,"Nov 13, 2022",T20I # 1879
England,India,England,10 wickets,Adelaide,"Nov 10, 2022",T20I # 1878
New Zealand,Pakistan,Pakistan,7 wickets,Sydney,"Nov 9, 2022",T20I # 1877
Spain,Italy,Italy,33 runs,Almeria,"Nov 6, 2022",T20I # 1876
Tanzania,Rwanda,Tanzania,10 wickets,Dar-es-Salaam,"Nov 6, 2022",T20I # 1875
Spain,Germany,Spain,5 runs,Almeria,"Nov 6, 2022",T20I # 1874
India,Zimbabwe,India,71 runs,Melbourne,"Nov 6, 2022",T20I # 1873
Bangladesh,Pakistan,Pakistan,5 wickets,Adelaide,"Nov 6, 2022",T20I # 1872
Netherlands,South Africa,Netherlands,13 runs,Adelaide,"Nov 6, 2022",T20I # 1871
Spain,Germany,Germany,36 runs,Almeria,"Nov 5, 2022",T20I # 1870
Tanzania,Rwanda,Tanzania,3 wickets,Dar-es-Salaam,"Nov 5, 2022",T20I # 1869
Spain,Italy,Spain,4 wickets,Almeria,"Nov 5, 2022",T20I # 1868
England,Sri Lanka,England,4 wickets,Sydney,"Nov 5, 2022",T20I # 1867
Germany,Italy,Germany,8 wickets,Almeria,"Nov 4, 2022",T20I # 1866
Germany,Italy,Germany,10 wickets,Almeria,"Nov 4, 2022",T20I # 1865
Australia,Afghanistan,Australia,4 runs,Adelaide,"Nov 4, 2022",T20I # 1864
Tanzania,Rwanda,Tanzania,77 runs,Dar-es-Salaam,"Nov 4, 2022",T20I # 1863
Ireland,New Zealand,New Zealand,35 runs,Adelaide,"Nov 4, 2022",T20I # 1862
Pakistan,South Africa,Pakistan,33 runs,Sydney,"Nov 3, 2022",T20I # 1861
Bangladesh,India,India,5 runs,Adelaide,"Nov 2, 2022",T20I # 1860
Netherlands,Zimbabwe,Netherlands,5 wickets,Adelaide,"Nov 2, 2022",T20I # 1859
England,New Zealand,England,20 runs,Brisbane,"Nov 1, 2022",T20I # 1858
Tanzania,Rwanda,Tanzania,21 runs,Dar-es-Salaam,"Nov 1, 2022",T20I # 1857
Afghanistan,Sri Lanka,Sri Lanka,6 wickets,Brisbane,"Nov 1, 2022",T20I # 1856
Australia,Ireland,Australia,42 runs,Brisbane,"Oct 31, 2022",T20I # 1855
Tanzania,Rwanda,Tanzania,54 runs,Dar-es-Salaam,"Oct 31, 2022",T20I # 1854
India,South Africa,South Africa,5 wickets,Perth,"Oct 30, 2022",T20I # 1853
Netherlands,Pakistan,Pakistan,6 wickets,Perth,"Oct 30, 2022",T20I # 1852
Bangladesh,Zimbabwe,Bangladesh,3 runs,Brisbane,"Oct 30, 2022",T20I # 1851
New Zealand,Sri Lanka,New Zealand,65 runs,Sydney,"Oct 29, 2022",T20I # 1850
Pakistan,Zimbabwe,Zimbabwe,1 run,Perth,"Oct 27, 2022",T20I # 1849
India,Netherlands,India,56 runs,Sydney,"Oct 27, 2022",T20I # 1848
Bangladesh,South Africa,South Africa,104 runs,Sydney,"Oct 27, 2022",T20I # 1847
England,Ireland,Ireland,5 runs,Melbourne,"Oct 26, 2022",T20I # 1846
Australia,Sri Lanka,Australia,7 wickets,Perth,"Oct 25, 2022",T20I # 1845
South Africa,Zimbabwe,no result,-,Hobart,"Oct 24, 2022",T20I # 1844
Bangladesh,Netherlands,Bangladesh,9 runs,Hobart,"Oct 24, 2022",T20I # 1843
India,Pakistan,India,4 wickets,Melbourne,"Oct 23, 2022",T20I # 1842
Ireland,Sri Lanka,Sri Lanka,9 wickets,Hobart,"Oct 23, 2022",T20I # 1841
Afghanistan,England,England,5 wickets,Perth,"Oct 22, 2022",T20I # 1840
Australia,New Zealand,New Zealand,89 runs,Sydney,"Oct 22, 2022",T20I # 1839
Scotland,Zimbabwe,Zimbabwe,5 wickets,Hobart,"Oct 21, 2022",T20I # 1838
Ireland,West Indies,Ireland,9 wickets,Hobart,"Oct 21, 2022",T20I # 1837
Namibia,U.A.E.,U.A.E.,7 runs,Geelong,"Oct 20, 2022",T20I # 1836
Netherlands,Sri Lanka,Sri Lanka,16 runs,Geelong,"Oct 20, 2022",T20I # 1835
West Indies,Zimbabwe,West Indies,31 runs,Hobart,"Oct 19, 2022",T20I # 1834
Ireland,Scotland,Ireland,6 wickets,Hobart,"Oct 19, 2022",T20I # 1833
Sri Lanka,U.A.E.,Sri Lanka,79 runs,Geelong,"Oct 18, 2022",T20I # 1832
Indonesia,South Korea,Indonesia,3 wickets,Sano,"Oct 18, 2022",T20I # 1831
Namibia,Netherlands,Netherlands,5 wickets,Geelong,"Oct 18, 2022",T20I # 1830
Japan,Indonesia,Indonesia,6 wickets,Sano,"Oct 18, 2022",T20I # 1829
Ireland,Zimbabwe,Zimbabwe,31 runs,Hobart,"Oct 17, 2022",T20I # 1828
Japan,South Korea,Japan,8 wickets,Sano,"Oct 17, 2022",T20I # 1827
Scotland,West Indies,Scotland,42 runs,Hobart,"Oct 17, 2022",T20I # 1826
Netherlands,U.A.E.,Netherlands,3 wickets,Geelong,"Oct 16, 2022",T20I # 1825
Japan,Indonesia,Japan,4 wickets,Sano,"Oct 16, 2022",T20I # 1824
Namibia,Sri Lanka,Namibia,55 runs,Geelong,"Oct 16, 2022",T20I # 1823
Japan,South Korea,Japan,48 runs,Sano,"Oct 15, 2022",T20I # 1822
Indonesia,South Korea,Indonesia,64 runs,Sano,"Oct 15, 2022",T20I # 1821
Australia,England,no result,-,Canberra,"Oct 14, 2022",T20I # 1820
New Zealand,Pakistan,Pakistan,5 wickets,Christchurch,"Oct 14, 2022",T20I # 1819
Bangladesh,Pakistan,Pakistan,7 wickets,Christchurch,"Oct 13, 2022",T20I # 1818
Australia,England,England,8 runs,Canberra,"Oct 12, 2022",T20I # 1817
New Zealand,Bangladesh,New Zealand,48 runs,Christchurch,"Oct 12, 2022",T20I # 1816
New Zealand,Pakistan,New Zealand,9 wickets,Christchurch,"Oct 11, 2022",T20I # 1815
Japan,Indonesia,Indonesia,3 wickets,Sano,"Oct 11, 2022",T20I # 1814
Japan,Indonesia,Japan,75 runs,Sano,"Oct 10, 2022",T20I # 1813
Australia,England,England,8 runs,Perth,"Oct 9, 2022",T20I # 1812
New Zealand,Bangladesh,New Zealand,8 wickets,Christchurch,"Oct 9, 2022",T20I # 1811
Japan,Indonesia,Japan,65 runs,Sano,"Oct 9, 2022",T20I # 1810
New Zealand,Pakistan,Pakistan,6 wickets,Christchurch,"Oct 8, 2022",T20I # 1809
Australia,West Indies,Australia,31 runs,Brisbane,"Oct 7, 2022",T20I # 1808
Bangladesh,Pakistan,Pakistan,21 runs,Christchurch,"Oct 7, 2022",T20I # 1807
Australia,West Indies,Australia,3 wickets,Carrara,"Oct 5, 2022",T20I # 1806
India,South Africa,South Africa,49 runs,Indore,"Oct 4, 2022",T20I # 1805
Pakistan,England,England,67 runs,Lahore,"Oct 2, 2022",T20I # 1804
India,South Africa,India,16 runs,Guwahati,"Oct 2, 2022",T20I # 1803
Pakistan,England,England,8 wickets,Lahore,"Sep 30, 2022",T20I # 1802
Pakistan,England,Pakistan,6 runs,Lahore,"Sep 28, 2022",T20I # 1801
India,South Africa,India,8 wickets,Thiruvananthapuram,"Sep 28, 2022",T20I # 1800
U.A.E.,Bangladesh,Bangladesh,32 runs,Dubai (DICS),"Sep 27, 2022",T20I # 1799
Pakistan,England,Pakistan,3 runs,Karachi,"Sep 25, 2022",T20I # 1798
U.A.E.,Bangladesh,Bangladesh,7 runs,Dubai (DICS),"Sep 25, 2022",T20I # 1797
India,Australia,India,6 wickets,Hyderabad,"Sep 25, 2022",T20I # 1796
Pakistan,England,England,63 runs,Karachi,"Sep 23, 2022",T20I # 1795
India,Australia,India,6 wickets,Nagpur,"Sep 23, 2022",T20I # 1794
Pakistan,England,Pakistan,10 wickets,Karachi,"Sep 22, 2022",T20I # 1793
Tanzania,Uganda,Uganda,8 wickets,Benoni,"Sep 22, 2022",T20I # 1792
Botswana,Tanzania,Tanzania,4 wickets,Benoni,"Sep 21, 2022",T20I # 1791
Kenya,Uganda,Uganda,3 wickets,Benoni,"Sep 21, 2022",T20I # 1790
Pakistan,England,England,6 wickets,Karachi,"Sep 20, 2022",T20I # 1789
India,Australia,Australia,4 wickets,Mohali,"Sep 20, 2022",T20I # 1788
Ghana,Uganda,Uganda,8 wickets,Benoni,"Sep 20, 2022",T20I # 1787
Malawi,Tanzania,Tanzania,44 runs,Benoni,"Sep 20, 2022",T20I # 1786
Botswana,Mozambique,Botswana,92 runs,Benoni,"Sep 19, 2022",T20I # 1785
Cameroon,Kenya,Kenya,9 wickets,Benoni,"Sep 19, 2022",T20I # 1784
Mozambique,Uganda,Uganda,38 runs,Benoni,"Sep 18, 2022",T20I # 1783
Botswana,Ghana,Botswana,11 runs,Benoni,"Sep 18, 2022",T20I # 1782
Kenya,Tanzania,Tanzania,4 wickets,Benoni,"Sep 17, 2022",T20I # 1781
Cameroon,Tanzania,Tanzania,10 wickets,Benoni,"Sep 17, 2022",T20I # 1780
Kenya,Malawi,Kenya,52 runs,Benoni,"Sep 16, 2022",T20I # 1779
Ghana,Mozambique,Ghana,28 runs,Benoni,"Sep 16, 2022",T20I # 1778
Cameroon,Malawi,Malawi,7 wickets,Benoni,"Sep 15, 2022",T20I # 1777
Botswana,Uganda,Uganda,7 wickets,Benoni,"Sep 15, 2022",T20I # 1776
Vanuatu,Cook Islands,Vanuatu,50 runs,Port vila,"Sep 15, 2022",T20I # 1775
Fiji,Samoa,Fiji,30 runs,Port vila,"Sep 15, 2022",T20I # 1774
Cook Islands,Fiji,Cook Islands,8 wickets,Port vila,"Sep 14, 2022",T20I # 1773
Vanuatu,Samoa,Vanuatu,6 wickets,Port vila,"Sep 14, 2022",T20I # 1772
Vanuatu,Fiji,Vanuatu,18 runs,Port vila,"Sep 13, 2022",T20I # 1771
Cook Islands,Samoa,Cook Islands,4 wickets,Port vila,"Sep 13, 2022",T20I # 1770
Pakistan,Sri Lanka,Sri Lanka,23 runs,Dubai (DICS),"Sep 11, 2022",T20I # 1769
Fiji,Samoa,Fiji,3 wickets,Port vila,"Sep 11, 2022",T20I # 1768
Vanuatu,Cook Islands,Cook Islands,5 wickets,Port vila,"Sep 11, 2022",T20I # 1767
Vanuatu,Samoa,Vanuatu,9 wickets,Port vila,"Sep 10, 2022",T20I # 1766
Cook Islands,Fiji,Fiji,3 wickets,Port vila,"Sep 10, 2022",T20I # 1765
Pakistan,Sri Lanka,Sri Lanka,5 wickets,Dubai (DICS),"Sep 9, 2022",T20I # 1764
Cook Islands,Samoa,Samoa,7 wickets,Port vila,"Sep 9, 2022",T20I # 1763
Vanuatu,Fiji,Vanuatu,56 runs,Port vila,"Sep 9, 2022",T20I # 1762
Afghanistan,India,India,101 runs,Dubai (DICS),"Sep 8, 2022",T20I # 1761
Afghanistan,Pakistan,Pakistan,1 wicket,Sharjah,"Sep 7, 2022",T20I # 1760
India,Sri Lanka,Sri Lanka,6 wickets,Dubai (DICS),"Sep 6, 2022",T20I # 1759
India,Pakistan,Pakistan,5 wickets,Dubai (DICS),"Sep 4, 2022",T20I # 1758
Afghanistan,Sri Lanka,Sri Lanka,4 wickets,Sharjah,"Sep 3, 2022",T20I # 1757
Hong Kong,Pakistan,Pakistan,155 runs,Sharjah,"Sep 2, 2022",T20I # 1756
Bangladesh,Sri Lanka,Sri Lanka,2 wickets,Dubai (DICS),"Sep 1, 2022",T20I # 1755
Hong Kong,India,India,40 runs,Dubai (DICS),"Aug 31, 2022",T20I # 1754
Afghanistan,Bangladesh,Afghanistan,7 wickets,Sharjah,"Aug 30, 2022",T20I # 1753
Kenya,Nepal,Nepal,31 runs,Nairobi (Gym),"Aug 30, 2022",T20I # 1752
Kenya,Nepal,Kenya,7 runs,Nairobi (Gym),"Aug 29, 2022",T20I # 1751
India,Pakistan,India,5 wickets,Dubai (DICS),"Aug 28, 2022",T20I # 1750
Kenya,Nepal,Nepal,4 wickets,Nairobi (Gym),"Aug 28, 2022",T20I # 1749
Afghanistan,Sri Lanka,Afghanistan,8 wickets,Dubai (DICS),"Aug 27, 2022",T20I # 1748
Kenya,Nepal,Kenya,18 runs,Nairobi (Gym),"Aug 26, 2022",T20I # 1747
Kenya,Nepal,Nepal,5 wickets,Nairobi (Gym),"Aug 25, 2022",T20I # 1746
Hong Kong,U.A.E.,Hong Kong,8 wickets,Al Amerat,"Aug 24, 2022",T20I # 1745
Kuwait,Singapore,Kuwait,6 wickets,Al Amerat,"Aug 24, 2022",T20I # 1744
Hong Kong,Kuwait,Hong Kong,8 wickets,Al Amerat,"Aug 23, 2022",T20I # 1743
Singapore,U.A.E.,U.A.E.,47 runs,Al Amerat,"Aug 22, 2022",T20I # 1742
Kuwait,U.A.E.,Kuwait,1 wicket,Al Amerat,"Aug 21, 2022",T20I # 1741
Hong Kong,Singapore,Hong Kong,8 runs,Al Amerat,"Aug 20, 2022",T20I # 1740
Bahrain,Kuwait,Kuwait,102 runs,Al Amerat,"Aug 17, 2022",T20I # 1739
Ireland,Afghanistan,Ireland,7 wickets,Belfast,"Aug 17, 2022",T20I # 1738
Bahrain,Kuwait,Kuwait,4 wickets,Al Amerat,"Aug 16, 2022",T20I # 1737
Ireland,Afghanistan,Afghanistan,27 runs,Belfast,"Aug 15, 2022",T20I # 1736
West Indies,New Zealand,West Indies,8 wickets,Kingston,"Aug 14, 2022",T20I # 1735
Bahrain,Kuwait,Kuwait,5 wickets,Al Amerat,"Aug 14, 2022",T20I # 1734
Bahrain,Kuwait,Kuwait,20 runs,Al Amerat,"Aug 13, 2022",T20I # 1733
West Indies,New Zealand,New Zealand,90 runs,Kingston,"Aug 12, 2022",T20I # 1732
Ireland,Afghanistan,Afghanistan,22 runs,Belfast,"Aug 12, 2022",T20I # 1731
Bahrain,Kuwait,tied,-,Al Amerat,"Aug 11, 2022",T20I # 1730
Ireland,Afghanistan,Ireland,5 wickets,Belfast,"Aug 11, 2022",T20I # 1729
West Indies,New Zealand,New Zealand,13 runs,Kingston,"Aug 10, 2022",T20I # 1728
Ireland,Afghanistan,Ireland,7 wickets,Belfast,"Aug 9, 2022",T20I # 1727
India,West Indies,India,88 runs,Lauderhill,"Aug 7, 2022",T20I # 1726
India,West Indies,India,59 runs,Lauderhill,"Aug 6, 2022",T20I # 1725
Ireland,South Africa,South Africa,44 runs,Bristol,"Aug 5, 2022",T20I # 1724
Netherlands,New Zealand,New Zealand,8 wickets,The Hague,"Aug 5, 2022",T20I # 1723
Netherlands,New Zealand,New Zealand,16 runs,The Hague,"Aug 4, 2022",T20I # 1722
Ireland,South Africa,South Africa,21 runs,Bristol,"Aug 3, 2022",T20I # 1721
West Indies,India,India,7 wickets,Basseterre,"Aug 2, 2022",T20I # 1720
Zimbabwe,Bangladesh,Zimbabwe,10 runs,Harare,"Aug 2, 2022",T20I # 1719
West Indies,India,West Indies,5 wickets,Basseterre,"Aug 1, 2022",T20I # 1718
England,South Africa,South Africa,90 runs,Southampton,"Jul 31, 2022",T20I # 1717
Austria,Norway,Austria,9 wickets,Kerava,"Jul 31, 2022",T20I # 1715
Luxembourg,Switzerland,Luxembourg,7 runs,Vantaa,"Jul 31, 2022",T20I # 1716
Eswatini,Mozambique,Mozambique,43 runs,Malkerns,"Jul 31, 2022",T20I # 1714
Zimbabwe,Bangladesh,Bangladesh,7 wickets,Harare,"Jul 31, 2022",T20I # 1713
Bulgaria,Czech Rep.,Czech Rep.,4 wickets,Vantaa,"Jul 31, 2022",T20I # 1711
France,Guernsey,Guernsey,56 runs,Kerava,"Jul 31, 2022",T20I # 1712
Eswatini,Mozambique,Mozambique,94 runs,Malkerns,"Jul 31, 2022",T20I # 1710
Luxembourg,Slovenia,Luxembourg,5 runs,Vantaa,"Jul 30, 2022",T20I # 1708
Estonia,France,France,25 runs,Kerava,"Jul 30, 2022",T20I # 1709
Eswatini,Mozambique,Mozambique,95 runs,Malkerns,"Jul 30, 2022",T20I # 1707
Zimbabwe,Bangladesh,Zimbabwe,17 runs,Harare,"Jul 30, 2022",T20I # 1706
Austria,Bulgaria,Austria,158 runs,Vantaa,"Jul 30, 2022",T20I # 1704
Czech Rep.,Switzerland,Czech Rep.,7 wickets,Kerava,"Jul 30, 2022",T20I # 1705
Eswatini,Mozambique,Mozambique,8 wickets,Malkerns,"Jul 30, 2022",T20I # 1703
West Indies,India,India,68 runs,Tarouba,"Jul 29, 2022",T20I # 1702
Scotland,New Zealand,New Zealand,102 runs,Edinburgh,"Jul 29, 2022",T20I # 1701
Eswatini,Mozambique,Mozambique,7 wickets,Malkerns,"Jul 29, 2022",T20I # 1700
Eswatini,Mozambique,Mozambique,8 wickets,Malkerns,"Jul 29, 2022",T20I # 1699
England,South Africa,South Africa,58 runs,Cardiff,"Jul 28, 2022",T20I # 1698
Czech Rep.,Estonia,Czech Rep.,42 runs,Vantaa,"Jul 28, 2022",T20I # 1696
Guernsey,Slovenia,Guernsey,9 wickets,Kerava,"Jul 28, 2022",T20I # 1697
Bulgaria,Luxembourg,Luxembourg,21 runs,Kerava,"Jul 28, 2022",T20I # 1694
Norway,Switzerland,Norway,12 runs,Vantaa,"Jul 28, 2022",T20I # 1695
England,South Africa,England,41 runs,Bristol,"Jul 27, 2022",T20I # 1693
Scotland,New Zealand,New Zealand,68 runs,Edinburgh,"Jul 27, 2022",T20I # 1692
Bulgaria,Slovenia,Bulgaria,3 wickets,Vantaa,"Jul 27, 2022",T20I # 1690
France,Norway,France,11 runs,Kerava,"Jul 27, 2022",T20I # 1691
Austria,Guernsey,Austria,2 wickets,Vantaa,"Jul 27, 2022",T20I # 1688
Estonia,Switzerland,Switzerland,31 runs,Kerava,"Jul 27, 2022",T20I # 1689
France,Switzerland,Switzerland,1 wicket,Vantaa,"Jul 25, 2022",T20I # 1686
Guernsey,Luxembourg,Guernsey,17 runs,Kerava,"Jul 25, 2022",T20I # 1687
Austria,Slovenia,Austria,141 runs,Kerava,"Jul 25, 2022",T20I # 1684
Czech Rep.,Norway,Norway,120 runs,Vantaa,"Jul 25, 2022",T20I # 1685
Bulgaria,Guernsey,Guernsey,52 runs,Vantaa,"Jul 24, 2022",T20I # 1682
Czech Rep.,France,France,51 runs,Kerava,"Jul 24, 2022",T20I # 1683
Austria,Luxembourg,Austria,36 runs,Vantaa,"Jul 24, 2022",T20I # 1680
Estonia,Norway,Norway,10 wickets,Kerava,"Jul 24, 2022",T20I # 1681
Ireland,New Zealand,New Zealand,6 wickets,Belfast,"Jul 22, 2022",T20I # 1679
Ireland,New Zealand,New Zealand,88 runs,Belfast,"Jul 20, 2022",T20I # 1678
Isle of Man,Italy,Italy,7 wickets,Kerava,"Jul 19, 2022",T20I # 1676
Romania,Sweden,Sweden,8 wickets,Vantaa,"Jul 19, 2022",T20I # 1677
Croatia,Serbia,Croatia,3 wickets,Vantaa,"Jul 19, 2022",T20I # 1674
Finland,Cyprus,Finland,11 runs,Kerava,"Jul 19, 2022",T20I # 1675
Ireland,New Zealand,New Zealand,31 runs,Belfast,"Jul 18, 2022",T20I # 1673
Finland,Croatia,Finland,5 wickets,Vantaa,"Jul 18, 2022",T20I # 1671
Isle of Man,Turkey,Isle of Man,74 runs,Kerava,"Jul 18, 2022",T20I # 1672
Cyprus,Serbia,Serbia,4 wickets,Kerava,"Jul 18, 2022",T20I # 1669
Greece,Sweden,Sweden,107 runs,Vantaa,"Jul 18, 2022",T20I # 1670
P.N.G.,U.S.A.,P.N.G.,5 runs,Bulawayo,"Jul 17, 2022",T20I # 1667
Zimbabwe,Netherlands,Zimbabwe,37 runs,Bulawayo,"Jul 17, 2022",T20I # 1668
Hong Kong,Uganda,Uganda,4 runs,Bulawayo,"Jul 17, 2022",T20I # 1665
Jersey,Singapore,Jersey,6 wickets,Bulawayo,"Jul 17, 2022",T20I # 1666
Croatia,Italy,Italy,166 runs,Kerava,"Jul 16, 2022",T20I # 1663
Cyprus,Turkey,Cyprus,135 runs,Vantaa,"Jul 16, 2022",T20I # 1664
Finland,Greece,Finland,37 runs,Kerava,"Jul 16, 2022",T20I # 1661
Romania,Serbia,Romania,31 runs,Vantaa,"Jul 16, 2022",T20I # 1662
Croatia,Greece,Croatia,3 runs,Vantaa,"Jul 15, 2022",T20I # 1659
Isle of Man,Romania,Isle of Man,8 wickets,Kerava,"Jul 15, 2022",T20I # 1660
Netherlands,U.S.A.,Netherlands,7 wickets,Bulawayo,"Jul 15, 2022",T20I # 1657
Zimbabwe,P.N.G.,Zimbabwe,27 runs,Bulawayo,"Jul 15, 2022",T20I # 1658
Italy,Sweden,Italy,91 runs,Vantaa,"Jul 15, 2022",T20I # 1655
Serbia,Turkey,Serbia,7 wickets,Kerava,"Jul 15, 2022",T20I # 1656
Hong Kong,Singapore,Hong Kong,7 wickets,Bulawayo,"Jul 15, 2022",T20I # 1653
Jersey,Uganda,Uganda,5 runs,Bulawayo,"Jul 15, 2022",T20I # 1654
Jersey,Singapore,Jersey,13 runs,Bulawayo,"Jul 14, 2022",T20I # 1651
Zimbabwe,U.S.A.,Zimbabwe,46 runs,Bulawayo,"Jul 14, 2022",T20I # 1652
Hong Kong,P.N.G.,Hong Kong,2 wickets,Bulawayo,"Jul 14, 2022",T20I # 1649
Netherlands,Uganda,Netherlands,97 runs,Bulawayo,"Jul 14, 2022",T20I # 1650
Finland,Italy,Italy,5 wickets,Kerava,"Jul 13, 2022",T20I # 1647
Isle of Man,Serbia,Isle of Man,68 runs,Vantaa,"Jul 13, 2022",T20I # 1648
Croatia,Sweden,Sweden,8 wickets,Kerava,"Jul 13, 2022",T20I # 1645
Cyprus,Romania,Cyprus,20 runs,Vantaa,"Jul 13, 2022",T20I # 1646
Finland,Sweden,Finland,12 runs,Vantaa,"Jul 12, 2022",T20I # 1643
Romania,Turkey,Romania,51 runs,Kerava,"Jul 12, 2022",T20I # 1644
Hong Kong,Netherlands,Netherlands,7 wickets,Bulawayo,"Jul 12, 2022",T20I # 1641
P.N.G.,Uganda,P.N.G.,8 wickets,Bulawayo,"Jul 12, 2022",T20I # 1642
Cyprus,Isle of Man,Isle of Man,8 wickets,Kerava,"Jul 12, 2022",T20I # 1639
Greece,Italy,Italy,9 wickets,Vantaa,"Jul 12, 2022",T20I # 1640
Singapore,U.S.A.,U.S.A.,132 runs,Bulawayo,"Jul 12, 2022",T20I # 1637
Zimbabwe,Jersey,Zimbabwe,23 runs,Bulawayo,"Jul 12, 2022",T20I # 1638
Hong Kong,Uganda,Uganda,2 wickets,Bulawayo,"Jul 11, 2022",T20I # 1635
Netherlands,P.N.G.,Netherlands,52 runs,Bulawayo,"Jul 11, 2022",T20I # 1636
Jersey,U.S.A.,U.S.A.,8 wickets,Bulawayo,"Jul 11, 2022",T20I # 1633
Zimbabwe,Singapore,Zimbabwe,111 runs,Bulawayo,"Jul 11, 2022",T20I # 1634
Malaysia,Bhutan,Malaysia,9 wickets,Bangi,"Jul 11, 2022",T20I # 1632
England,India,England,17 runs,Nottingham,"Jul 10, 2022",T20I # 1631
Czech Rep.,Austria,Czech Rep.,6 wickets,Vinor,"Jul 10, 2022",T20I # 1630
Czech Rep.,Luxembourg,Czech Rep.,36 runs,Vinor,"Jul 10, 2022",T20I # 1629
England,India,India,49 runs,Birmingham,"Jul 9, 2022",T20I # 1628
Austria,Luxembourg,Austria,35 runs,Vinor,"Jul 9, 2022",T20I # 1626
Serbia,Bulgaria,Bulgaria,95 runs,Belgrade,"Jul 9, 2022",T20I # 1627
Czech Rep.,Austria,Austria,4 wickets,Vinor,"Jul 9, 2022",T20I # 1624
Serbia,Bulgaria,Serbia,8 wickets,Belgrade,"Jul 9, 2022",T20I # 1625
Bhutan,Thailand,Bhutan,28 runs,Bangi,"Jul 9, 2022",T20I # 1623
Malaysia,Maldives,Malaysia,94 runs,Bangi,"Jul 9, 2022",T20I # 1622
Serbia,Bulgaria,Serbia,7 wickets,Belgrade,"Jul 8, 2022",T20I # 1621
Czech Rep.,Luxembourg,Czech Rep.,5 wickets,Vinor,"Jul 8, 2022",T20I # 1620
Austria,Luxembourg,Austria,5 wickets,Vinor,"Jul 8, 2022",T20I # 1619
Maldives,Thailand,Maldives,41 runs,Bangi,"Jul 8, 2022",T20I # 1618
West Indies,Bangladesh,West Indies,5 wickets,Providence,"Jul 7, 2022",T20I # 1617
England,India,India,50 runs,Southampton,"Jul 7, 2022",T20I # 1616
Malaysia,Thailand,Malaysia,9 wickets,Bangi,"Jul 7, 2022",T20I # 1615
Bhutan,Maldives,Bhutan,2 runs,Bangi,"Jul 7, 2022",T20I # 1614
Malaysia,Maldives,Malaysia,8 wickets,Bangi,"Jul 6, 2022",T20I # 1613
Bhutan,Thailand,Bhutan,6 wickets,Bangi,"Jul 6, 2022",T20I # 1612
Denmark,Portugal,Denmark,9 wickets,Waterloo,"Jul 4, 2022",T20I # 1611
Belgium,Spain,Belgium,5 wickets,Waterloo,"Jul 4, 2022",T20I # 1610
Bhutan,Maldives,Bhutan,6 runs,Bangi,"Jul 4, 2022",T20I # 1609
Malaysia,Thailand,Malaysia,9 wickets,Bangi,"Jul 4, 2022",T20I # 1608
West Indies,Bangladesh,West Indies,35 runs,Roseau,"Jul 3, 2022",T20I # 1607
Gibraltar,Malta,Malta,7 wickets,Waterloo,"Jul 3, 2022",T20I # 1606
Singapore,P.N.G.,P.N.G.,3 wickets,Singapore,"Jul 3, 2022",T20I # 1605
Hungary,Israel,Israel,12 runs,Waterloo,"Jul 3, 2022",T20I # 1604
Malaysia,Bhutan,Malaysia,39 runs,Bangi,"Jul 3, 2022",T20I # 1603
Maldives,Thailand,Maldives,7 wickets,Bangi,"Jul 3, 2022",T20I # 1602
West Indies,Bangladesh,no result,-,Roseau,"Jul 2, 2022",T20I # 1601
Denmark,Spain,Denmark,41 runs,Waterloo,"Jul 2, 2022",T20I # 1600
Singapore,P.N.G.,Singapore,18 runs,Singapore,"Jul 2, 2022",T20I # 1599
Belgium,Portugal,Portugal,8 wickets,Waterloo,"Jul 2, 2022",T20I # 1598
Malaysia,Bhutan,Malaysia,155 runs,Bangi,"Jul 2, 2022",T20I # 1597
Belgium,Denmark,Belgium,12 runs,Waterloo,"Jul 1, 2022",T20I # 1595
Israel,Malta,Malta,16 runs,Gent,"Jul 1, 2022",T20I # 1596
Gibraltar,Hungary,Gibraltar,4 wickets,Waterloo,"Jul 1, 2022",T20I # 1593
Portugal,Spain,Spain,8 wickets,Gent,"Jul 1, 2022",T20I # 1594
Singapore,Malaysia,Malaysia,5 wickets,Singapore,"Jun 30, 2022",T20I # 1592
Belgium,Hungary,Belgium,2 wickets,Waterloo,"Jun 29, 2022",T20I # 1590
Israel,Spain,Spain,7 wickets,Gent,"Jun 29, 2022",T20I # 1591
Singapore,Malaysia,Malaysia,23 runs,Singapore,"Jun 29, 2022",T20I # 1589
Denmark,Gibraltar,Denmark,132 runs,Waterloo,"Jun 29, 2022",T20I # 1587
Malta,Portugal,Portugal,11 runs,Gent,"Jun 29, 2022",T20I # 1588
Ireland,India,India,4 runs,Dublin (Malahide),"Jun 28, 2022",T20I # 1586
Denmark,Hungary,Denmark,88 runs,Gent,"Jun 28, 2022",T20I # 1584
Israel,Portugal,Portugal,47 runs,Waterloo,"Jun 28, 2022",T20I # 1585
Singapore,Malaysia,Singapore,4 wickets,Singapore,"Jun 28, 2022",T20I # 1583
Belgium,Gibraltar,Belgium,7 wickets,Gent,"Jun 28, 2022",T20I # 1581
Malta,Spain,Spain,6 wickets,Waterloo,"Jun 28, 2022",T20I # 1582
Ireland,India,India,7 wickets,Dublin (Malahide),"Jun 26, 2022",T20I # 1580
Bulgaria,Serbia,Bulgaria,6 wickets,Sofia,"Jun 26, 2022",T20I # 1579
Bulgaria,Serbia,Bulgaria,40 runs,Sofia,"Jun 25, 2022",T20I # 1578
Bulgaria,Serbia,Bulgaria,5 wickets,Sofia,"Jun 25, 2022",T20I # 1577
Bulgaria,Serbia,Bulgaria,6 wickets,Sofia,"Jun 24, 2022",T20I # 1576
India,South Africa,no result,-,Bengaluru,"Jun 19, 2022",T20I # 1575
Finland,Estonia,Finland,11 runs,Kerava,"Jun 19, 2022",T20I # 1574
Finland,Estonia,Finland,23 runs,Kerava,"Jun 19, 2022",T20I # 1573
India,South Africa,India,82 runs,Rajkot,"Jun 17, 2022",T20I # 1572
India,South Africa,India,48 runs,Visakhapatnam,"Jun 14, 2022",T20I # 1571
Zimbabwe,Afghanistan,Afghanistan,35 runs,Harare,"Jun 14, 2022",T20I # 1570
India,South Africa,South Africa,4 wickets,Cuttack,"Jun 12, 2022",T20I # 1569
Zimbabwe,Afghanistan,Afghanistan,21 runs,Harare,"Jun 12, 2022",T20I # 1568
Germany,Austria,Germany,3 wickets,Krefeld,"Jun 12, 2022",T20I # 1567
Belgium,Malta,Belgium,122 runs,Waterloo,"Jun 12, 2022",T20I # 1566
Germany,Sweden,Germany,29 runs,Krefeld,"Jun 11, 2022",T20I # 1565
Sri Lanka,Australia,Sri Lanka,4 wickets,Pallekele,"Jun 11, 2022",T20I # 1564
Luxembourg,Switzerland,Switzerland,78 runs,Walferdange,"Jun 11, 2022",T20I # 1563
Belgium,Malta,Belgium,84 runs,Gent,"Jun 11, 2022",T20I # 1562
Zimbabwe,Afghanistan,Afghanistan,6 wickets,Harare,"Jun 11, 2022",T20I # 1561
Austria,Sweden,Austria,1 run,Krefeld,"Jun 11, 2022",T20I # 1560
Luxembourg,Switzerland,Luxembourg,18 runs,Walferdange,"Jun 11, 2022",T20I # 1559
Belgium,Malta,Belgium,111 runs,Gent,"Jun 11, 2022",T20I # 1558
Austria,Sweden,Austria,3 runs,Krefeld,"Jun 10, 2022",T20I # 1557
Germany,Austria,Austria,38 runs,Krefeld,"Jun 10, 2022",T20I # 1556
Germany,Sweden,Germany,4 wickets,Krefeld,"Jun 9, 2022",T20I # 1555
India,South Africa,South Africa,7 wickets,Delhi,"Jun 9, 2022",T20I # 1554
Germany,Austria,Germany,54 runs,Krefeld,"Jun 9, 2022",T20I # 1553
Sri Lanka,Australia,Australia,3 wickets,Colombo (RPS),"Jun 8, 2022",T20I # 1552
Sri Lanka,Australia,Australia,10 wickets,Colombo (RPS),"Jun 7, 2022",T20I # 1551
Austria,Hungary,Hungary,4 wickets,Lower Austria,"Jun 5, 2022",T20I # 1550
Austria,Hungary,no result,-,Lower Austria,"Jun 4, 2022",T20I # 1549
Austria,Hungary,Austria,105 runs,Lower Austria,"Jun 4, 2022",T20I # 1548
Zimbabwe,Namibia,Namibia,32 runs,Bulawayo,"May 24, 2022",T20I # 1547
Zimbabwe,Namibia,Namibia,6 wickets,Bulawayo,"May 22, 2022",T20I # 1546
Guernsey,Jersey,Jersey,37 runs,Castel,"May 21, 2022",T20I # 1545
Zimbabwe,Namibia,Zimbabwe,8 wickets,Bulawayo,"May 21, 2022",T20I # 1544
Guernsey,Jersey,Jersey,60 runs,Castel,"May 21, 2022",T20I # 1543
Guernsey,Jersey,Jersey,37 runs,St Peter Port,"May 20, 2022",T20I # 1542
Zimbabwe,Namibia,Namibia,8 wickets,Bulawayo,"May 19, 2022",T20I # 1541
Zimbabwe,Namibia,Zimbabwe,7 runs,Bulawayo,"May 17, 2022",T20I # 1540
Malta,Romania,Romania,9 runs,Marsa,"May 15, 2022",T20I # 1539
Czech Rep.,Hungary,Czech Rep.,70 runs,Marsa,"May 15, 2022",T20I # 1538
Bulgaria,Gibraltar,Bulgaria,5 wickets,Marsa,"May 15, 2022",T20I # 1537
Malta,Bulgaria,Malta,6 wickets,Marsa,"May 14, 2022",T20I # 1536
Gibraltar,Romania,Romania,8 wickets,Marsa,"May 14, 2022",T20I # 1535
Czech Rep.,Hungary,Czech Rep.,7 wickets,Marsa,"May 14, 2022",T20I # 1534
Bulgaria,Romania,Romania,8 wickets,Marsa,"May 13, 2022",T20I # 1533
Czech Rep.,Romania,Romania,26 runs,Marsa,"May 13, 2022",T20I # 1532
Bulgaria,Gibraltar,Gibraltar,21 runs,Marsa,"May 13, 2022",T20I # 1531
Hungary,Romania,Hungary,6 wickets,Marsa,"May 12, 2022",T20I # 1530
Bulgaria,Czech Rep.,Czech Rep.,88 runs,Marsa,"May 12, 2022",T20I # 1529
Malta,Czech Rep.,Malta,2 runs,Marsa,"May 12, 2022",T20I # 1528
Bulgaria,Hungary,Hungary,5 runs,Marsa,"May 11, 2022",T20I # 1527
Czech Rep.,Gibraltar,Czech Rep.,40 runs,Marsa,"May 11, 2022",T20I # 1526
Malta,Romania,Malta,5 wickets,Marsa,"May 11, 2022",T20I # 1525
Gibraltar,Hungary,Hungary,4 wickets,Marsa,"May 10, 2022",T20I # 1524
Malta,Hungary,Malta,45 runs,Marsa,"May 10, 2022",T20I # 1523
Malta,Gibraltar,Malta,5 wickets,Marsa,"May 10, 2022",T20I # 1522
Denmark,Finland,Denmark,53 runs,Brondby,"May 8, 2022",T20I # 1521
Denmark,Finland,Denmark,137 runs,Brondby,"May 7, 2022",T20I # 1520
Denmark,Finland,Finland,3 wickets,Brondby,"May 7, 2022",T20I # 1519
Spain,Norway,Spain,41 runs,Almeria,"May 1, 2022",T20I # 1518
Spain,Guernsey,Guernsey,8 wickets,Almeria,"May 1, 2022",T20I # 1517
Spain,Guernsey,Spain,8 wickets,Almeria,"Apr 30, 2022",T20I # 1516
Guernsey,Norway,Guernsey,8 wickets,Almeria,"Apr 30, 2022",T20I # 1515
Spain,Norway,Spain,51 runs,Almeria,"Apr 30, 2022",T20I # 1514
Guernsey,Norway,Norway,37 runs,Almeria,"Apr 29, 2022",T20I # 1513
Cayman,Bahamas,Cayman,42 runs,George Town,"Apr 17, 2022",T20I # 1512
Cayman,Bahamas,Cayman,65 runs,George Town,"Apr 16, 2022",T20I # 1511
Cayman,Bahamas,Cayman,7 wickets,George Town,"Apr 16, 2022",T20I # 1510
Cayman,Bahamas,Cayman,15 runs,George Town,"Apr 14, 2022",T20I # 1509
Cayman,Bahamas,Cayman,8 wickets,George Town,"Apr 13, 2022",T20I # 1508
Namibia,Uganda,Namibia,52 runs,Windhoek,"Apr 10, 2022",T20I # 1507
Namibia,Uganda,Uganda,7 wickets,Windhoek,"Apr 9, 2022",T20I # 1506
Namibia,Uganda,Namibia,8 wickets,Windhoek,"Apr 8, 2022",T20I # 1505
Pakistan,Australia,Australia,3 wickets,Lahore,"Apr 5, 2022",T20I # 1504
Nepal,P.N.G.,Nepal,50 runs,Kirtipur,"Apr 4, 2022",T20I # 1503
Nepal,Malaysia,Nepal,85 runs,Kirtipur,"Apr 2, 2022",T20I # 1502
Malaysia,P.N.G.,P.N.G.,8 wickets,Kirtipur,"Apr 1, 2022",T20I # 1501
Nepal,P.N.G.,Nepal,37 runs,Kirtipur,"Mar 31, 2022",T20I # 1500
Nepal,Malaysia,Nepal,6 wickets,Kirtipur,"Mar 30, 2022",T20I # 1499
Malaysia,P.N.G.,Malaysia,8 runs,Kirtipur,"Mar 29, 2022",T20I # 1498
Nepal,P.N.G.,Nepal,15 runs,Kirtipur,"Mar 28, 2022",T20I # 1497
Bangladesh,Afghanistan,Afghanistan,8 wickets,Mirpur,"Mar 5, 2022",T20I # 1496
Bangladesh,Afghanistan,Bangladesh,61 runs,Mirpur,"Mar 3, 2022",T20I # 1495
India,Sri Lanka,India,6 wickets,Dharamsala,"Feb 27, 2022",T20I # 1494
India,Sri Lanka,India,7 wickets,Dharamsala,"Feb 26, 2022",T20I # 1493
India,Sri Lanka,India,62 runs,Lucknow,"Feb 24, 2022",T20I # 1492
Ireland,U.A.E.,U.A.E.,7 wickets,Al Amerat,"Feb 24, 2022",T20I # 1490
Oman,Nepal,Nepal,9 wickets,Al Amerat,"Feb 24, 2022",T20I # 1491
Bahrain,Canada,Canada,7 wickets,Al Amerat,"Feb 24, 2022",T20I # 1488
Germany,Philippines,Germany,9 wickets,Al Amerat,"Feb 24, 2022",T20I # 1489
Nepal,U.A.E.,U.A.E.,68 runs,Al Amerat,"Feb 22, 2022",T20I # 1486
Oman,Ireland,Ireland,56 runs,Al Amerat,"Feb 22, 2022",T20I # 1487
Bahrain,Philippines,Bahrain,91 runs,Al Amerat,"Feb 22, 2022",T20I # 1484
Canada,Germany,Canada,6 wickets,Al Amerat,"Feb 22, 2022",T20I # 1485
Canada,Nepal,Nepal,8 wickets,Al Amerat,"Feb 21, 2022",T20I # 1482
Oman,Philippines,Oman,9 wickets,Al Amerat,"Feb 21, 2022",T20I # 1483
Bahrain,U.A.E.,Bahrain,2 runs,Al Amerat,"Feb 21, 2022",T20I # 1480
Germany,Ireland,Ireland,7 wickets,Al Amerat,"Feb 21, 2022",T20I # 1481
India,West Indies,India,17 runs,Eden Gardens,"Feb 20, 2022",T20I # 1479
Australia,Sri Lanka,Sri Lanka,5 wickets,Melbourne,"Feb 20, 2022",T20I # 1478
Bahrain,Ireland,Ireland,21 runs,Al Amerat,"Feb 19, 2022",T20I # 1476
Germany,U.A.E.,U.A.E.,24 runs,Al Amerat,"Feb 19, 2022",T20I # 1477
Nepal,Philippines,Nepal,136 runs,Al Amerat,"Feb 19, 2022",T20I # 1474
Oman,Canada,Oman,9 wickets,Al Amerat,"Feb 19, 2022",T20I # 1475
India,West Indies,India,8 runs,Eden Gardens,"Feb 18, 2022",T20I # 1473
Bahrain,Germany,Bahrain,6 wickets,Al Amerat,"Feb 18, 2022",T20I # 1471
Ireland,U.A.E.,U.A.E.,18 runs,Al Amerat,"Feb 18, 2022",T20I # 1472
Australia,Sri Lanka,Australia,6 wickets,Melbourne,"Feb 18, 2022",T20I # 1470
Canada,Philippines,Canada,118 runs,Al Amerat,"Feb 18, 2022",T20I # 1468
Oman,Nepal,Nepal,39 runs,Al Amerat,"Feb 18, 2022",T20I # 1469
India,West Indies,India,6 wickets,Eden Gardens,"Feb 16, 2022",T20I # 1467
Australia,Sri Lanka,Australia,6 wickets,Canberra,"Feb 15, 2022",T20I # 1466
Ireland,Nepal,Ireland,16 runs,Al Amerat,"Feb 14, 2022",T20I # 1465
Oman,U.A.E.,Oman,7 wickets,Al Amerat,"Feb 14, 2022",T20I # 1464
Australia,Sri Lanka,tied,-,Sydney,"Feb 13, 2022",T20I # 1463
Ireland,U.A.E.,U.A.E.,13 runs,Al Amerat,"Feb 13, 2022",T20I # 1462
Oman,Ireland,Ireland,9 wickets,Al Amerat,"Feb 12, 2022",T20I # 1461
Nepal,U.A.E.,U.A.E.,25 runs,Al Amerat,"Feb 12, 2022",T20I # 1460
Oman,Nepal,Nepal,6 wickets,Al Amerat,"Feb 11, 2022",T20I # 1459
Australia,Sri Lanka,Australia,20 runs,Sydney,"Feb 11, 2022",T20I # 1458
West Indies,England,West Indies,17 runs,Bridgetown,"Jan 30, 2022",T20I # 1457
West Indies,England,England,34 runs,Bridgetown,"Jan 29, 2022",T20I # 1456
West Indies,England,West Indies,20 runs,Bridgetown,"Jan 26, 2022",T20I # 1455
West Indies,England,England,1 run,Bridgetown,"Jan 23, 2022",T20I # 1454
West Indies,England,West Indies,9 wickets,Bridgetown,"Jan 22, 2022",T20I # 1453
U.S.A.,Ireland,Ireland,9 runs,Lauderhill,"Dec 23, 2021",T20I # 1452
U.S.A.,Ireland,U.S.A.,26 runs,Lauderhill,"Dec 22, 2021",T20I # 1451
Pakistan,West Indies,Pakistan,7 wickets,Karachi,"Dec 16, 2021",T20I # 1450
Pakistan,West Indies,Pakistan,9 runs,Karachi,"Dec 14, 2021",T20I # 1449
Pakistan,West Indies,Pakistan,63 runs,Karachi,"Dec 13, 2021",T20I # 1448
Bangladesh,Pakistan,Pakistan,5 wickets,Mirpur,"Nov 22, 2021",T20I # 1447
India,New Zealand,India,73 runs,Eden Gardens,"Nov 21, 2021",T20I # 1446
Kenya,Uganda,Uganda,6 wickets,Rwanda,"Nov 20, 2021",T20I # 1444
Nigeria,Tanzania,Tanzania,69 runs,Kigali,"Nov 20, 2021",T20I # 1445
Bangladesh,Pakistan,Pakistan,8 wickets,Mirpur,"Nov 20, 2021",T20I # 1443
Tanzania,Uganda,Uganda,6 wickets,Rwanda,"Nov 20, 2021",T20I # 1441
Kenya,Nigeria,Kenya,60 runs,Kigali,"Nov 20, 2021",T20I # 1442
India,New Zealand,India,7 wickets,Ranchi,"Nov 19, 2021",T20I # 1440
Bangladesh,Pakistan,Pakistan,4 wickets,Mirpur,"Nov 19, 2021",T20I # 1439
Kenya,Tanzania,Kenya,7 wickets,Rwanda,"Nov 18, 2021",T20I # 1437
Nigeria,Uganda,Uganda,8 wickets,Kigali,"Nov 18, 2021",T20I # 1438
Tanzania,Uganda,Uganda,8 wickets,Rwanda,"Nov 18, 2021",T20I # 1435
Kenya,Nigeria,Kenya,8 wickets,Kigali,"Nov 18, 2021",T20I # 1436
India,New Zealand,India,5 wickets,Jaipur,"Nov 17, 2021",T20I # 1434
Nigeria,Uganda,Uganda,12 runs,Rwanda,"Nov 17, 2021",T20I # 1432
Kenya,Tanzania,Tanzania,49 runs,Kigali,"Nov 17, 2021",T20I # 1433
Nigeria,Tanzania,Tanzania,6 wickets,Rwanda,"Nov 17, 2021",T20I # 1430
Kenya,Uganda,Kenya,1 run,Kigali,"Nov 17, 2021",T20I # 1431
Argentina,Bermuda,Bermuda,3 wickets,Coolidge,"Nov 14, 2021",T20I # 1429
Australia,New Zealand,Australia,8 wickets,Dubai (DICS),"Nov 14, 2021",T20I # 1428
Canada,Panama,Canada,208 runs,Coolidge,"Nov 14, 2021",T20I # 1427
Bahamas,Panama,Panama,26 runs,Coolidge,"Nov 13, 2021",T20I # 1425
Argentina,Canada,Canada,9 wickets,North Sound,"Nov 13, 2021",T20I # 1426
Bahamas,U.S.A.,U.S.A.,10 wickets,Coolidge,"Nov 13, 2021",T20I # 1423
Belize,Bermuda,Bermuda,7 wickets,North Sound,"Nov 13, 2021",T20I # 1424
Bermuda,Panama,Bermuda,86 runs,Coolidge,"Nov 11, 2021",T20I # 1421
Argentina,U.S.A.,U.S.A.,8 wickets,North Sound,"Nov 11, 2021",T20I # 1422
Australia,Pakistan,Australia,5 wickets,Dubai (DICS),"Nov 11, 2021",T20I # 1420
Bermuda,Canada,Canada,46 runs,Coolidge,"Nov 11, 2021",T20I # 1418
Bahamas,Belize,Bahamas,11 runs,North Sound,"Nov 11, 2021",T20I # 1419
Canada,U.S.A.,tied,-,Coolidge,"Nov 10, 2021",T20I # 1416
Argentina,Panama,Argentina,45 runs,North Sound,"Nov 10, 2021",T20I # 1417
England,New Zealand,New Zealand,5 wickets,Abu Dhabi,"Nov 10, 2021",T20I # 1415
Bahamas,Bermuda,Bermuda,140 runs,Coolidge,"Nov 10, 2021",T20I # 1413
Argentina,Belize,Argentina,59 runs,North Sound,"Nov 10, 2021",T20I # 1414
Belize,Panama,Belize,12 runs,Coolidge,"Nov 8, 2021",T20I # 1411
Bermuda,U.S.A.,U.S.A.,23 runs,North Sound,"Nov 8, 2021",T20I # 1412
India,Namibia,India,9 wickets,Dubai (DICS),"Nov 8, 2021",T20I # 1410
Belize,Canada,Canada,145 runs,Coolidge,"Nov 8, 2021",T20I # 1408
Argentina,Bahamas,Bahamas,12 runs,North Sound,"Nov 8, 2021",T20I # 1409
Panama,U.S.A.,U.S.A.,9 wickets,Coolidge,"Nov 7, 2021",T20I # 1407
Pakistan,Scotland,Pakistan,72 runs,Sharjah,"Nov 7, 2021",T20I # 1406
Belize,U.S.A.,U.S.A.,10 wickets,Coolidge,"Nov 7, 2021",T20I # 1404
Bahamas,Canada,Canada,122 runs,North Sound,"Nov 7, 2021",T20I # 1405
Botswana,Tanzania,Tanzania,3 runs,Rwanda,"Nov 7, 2021",T20I # 1403
Afghanistan,New Zealand,New Zealand,8 wickets,Abu Dhabi,"Nov 7, 2021",T20I # 1402
Cameroon,Sierra Leone,Sierra Leone,6 wickets,Rwanda,"Nov 7, 2021",T20I # 1401
England,South Africa,South Africa,10 runs,Sharjah,"Nov 6, 2021",T20I # 1400
Cameroon,Tanzania,Tanzania,178 runs,Rwanda,"Nov 6, 2021",T20I # 1399
Australia,West Indies,Australia,8 wickets,Abu Dhabi,"Nov 6, 2021",T20I # 1398
Botswana,Mozambique,Botswana,52 runs,Rwanda,"Nov 6, 2021",T20I # 1397
India,Scotland,India,8 wickets,Dubai (DICS),"Nov 5, 2021",T20I # 1396
Mozambique,Sierra Leone,Sierra Leone,5 wickets,Rwanda,"Nov 5, 2021",T20I # 1395
Namibia,New Zealand,New Zealand,52 runs,Sharjah,"Nov 5, 2021",T20I # 1394
Botswana,Cameroon,Botswana,9 wickets,Rwanda,"Nov 5, 2021",T20I # 1393
Sri Lanka,West Indies,Sri Lanka,20 runs,Abu Dhabi,"Nov 4, 2021",T20I # 1392
Australia,Bangladesh,Australia,8 wickets,Dubai (DICS),"Nov 4, 2021",T20I # 1391
Afghanistan,India,India,66 runs,Abu Dhabi,"Nov 3, 2021",T20I # 1390
Sierra Leone,Tanzania,Tanzania,8 wickets,Rwanda,"Nov 3, 2021",T20I # 1389
New Zealand,Scotland,New Zealand,16 runs,Dubai (DICS),"Nov 3, 2021",T20I # 1388
Cameroon,Mozambique,Mozambique,171 runs,Rwanda,"Nov 3, 2021",T20I # 1387
Namibia,Pakistan,Pakistan,45 runs,Abu Dhabi,"Nov 2, 2021",T20I # 1386
Mozambique,Tanzania,Tanzania,87 runs,Rwanda,"Nov 2, 2021",T20I # 1385
Bangladesh,South Africa,South Africa,6 wickets,Abu Dhabi,"Nov 2, 2021",T20I # 1384
Botswana,Sierra Leone,Botswana,72 runs,Rwanda,"Nov 2, 2021",T20I # 1383
England,Sri Lanka,England,26 runs,Sharjah,"Nov 1, 2021",T20I # 1382
India,New Zealand,New Zealand,8 wickets,Dubai (DICS),"Oct 31, 2021",T20I # 1381
Afghanistan,Namibia,Afghanistan,62 runs,Abu Dhabi,"Oct 31, 2021",T20I # 1380
Australia,England,England,8 wickets,Dubai (DICS),"Oct 30, 2021",T20I # 1379
South Africa,Sri Lanka,South Africa,4 wickets,Sharjah,"Oct 30, 2021",T20I # 1378
Afghanistan,Pakistan,Pakistan,5 wickets,Dubai (DICS),"Oct 29, 2021",T20I # 1377
Qatar,Kuwait,Qatar,2 wickets,Doha,"Oct 29, 2021",T20I # 1376
Bangladesh,West Indies,West Indies,3 runs,Sharjah,"Oct 29, 2021",T20I # 1375
Bahrain,Saudi Arabia,Bahrain,18 runs,Doha,"Oct 28, 2021",T20I # 1373
Australia,Sri Lanka,Australia,7 wickets,Dubai (DICS),"Oct 28, 2021",T20I # 1374
Kuwait,Maldives,Kuwait,5 wickets,Doha,"Oct 28, 2021",T20I # 1372
Namibia,Scotland,Namibia,4 wickets,Abu Dhabi,"Oct 27, 2021",T20I # 1371
Qatar,Saudi Arabia,Qatar,5 wickets,Doha,"Oct 27, 2021",T20I # 1370
Bangladesh,England,England,8 wickets,Abu Dhabi,"Oct 27, 2021",T20I # 1369
Bahrain,Maldives,Bahrain,7 wickets,Doha,"Oct 27, 2021",T20I # 1368
New Zealand,Pakistan,Pakistan,5 wickets,Sharjah,"Oct 26, 2021",T20I # 1367
South Africa,West Indies,South Africa,8 wickets,Dubai (DICS),"Oct 26, 2021",T20I # 1366
Nigeria,Sierra Leone,Nigeria,36 runs,Lagos,"Oct 26, 2021",T20I # 1365
Afghanistan,Scotland,Afghanistan,130 runs,Sharjah,"Oct 25, 2021",T20I # 1364
Malta,Gibraltar,tied,-,Marsa,"Oct 25, 2021",T20I # 1363
Kuwait,Saudi Arabia,Saudi Arabia,4 wickets,Doha,"Oct 25, 2021",T20I # 1362
India,Pakistan,Pakistan,10 wickets,Dubai (DICS),"Oct 24, 2021",T20I # 1361
Nigeria,Sierra Leone,Nigeria,19 runs,Lagos,"Oct 24, 2021",T20I # 1360
Malta,Switzerland,Malta,6 runs,Marsa,"Oct 24, 2021",T20I # 1359
Qatar,Maldives,Qatar,98 runs,Doha,"Oct 24, 2021",T20I # 1358
Bangladesh,Sri Lanka,Sri Lanka,5 wickets,Sharjah,"Oct 24, 2021",T20I # 1357
Bulgaria,Gibraltar,Bulgaria,6 wickets,Marsa,"Oct 24, 2021",T20I # 1356
Bahrain,Kuwait,Kuwait,6 wickets,Doha,"Oct 24, 2021",T20I # 1355
England,West Indies,England,6 wickets,Dubai (DICS),"Oct 23, 2021",T20I # 1354
Malta,Bulgaria,Malta,6 wickets,Marsa,"Oct 23, 2021",T20I # 1353
Maldives,Saudi Arabia,Saudi Arabia,7 wickets,Doha,"Oct 23, 2021",T20I # 1352
Australia,South Africa,Australia,5 wickets,Abu Dhabi,"Oct 23, 2021",T20I # 1351
Malta,Switzerland,Switzerland,8 runs,Marsa,"Oct 23, 2021",T20I # 1350
Nigeria,Sierra Leone,Nigeria,9 wickets,Lagos,"Oct 23, 2021",T20I # 1349
Bulgaria,Gibraltar,Gibraltar,37 runs,Marsa,"Oct 23, 2021",T20I # 1347
Qatar,Bahrain,Bahrain,8 wickets,Doha,"Oct 23, 2021",T20I # 1348
Netherlands,Sri Lanka,Sri Lanka,8 wickets,Sharjah,"Oct 22, 2021",T20I # 1346
Bulgaria,Switzerland,Switzerland,8 wickets,Marsa,"Oct 22, 2021",T20I # 1345
Rwanda,Malawi,Malawi,24 runs,Rwanda,"Oct 22, 2021",T20I # 1343
Seychelles,Uganda,Uganda,95 runs,Kigali,"Oct 22, 2021",T20I # 1344
Ireland,Namibia,Namibia,8 wickets,Sharjah,"Oct 22, 2021",T20I # 1342
Gibraltar,Switzerland,Switzerland,9 wickets,Marsa,"Oct 22, 2021",T20I # 1341
Rwanda,Swaziland,Rwanda,7 wickets,Rwanda,"Oct 22, 2021",T20I # 1339
Lesotho,Malawi,Malawi,22 runs,Kigali,"Oct 22, 2021",T20I # 1340
Oman,Scotland,Scotland,8 wickets,Al Amerat,"Oct 21, 2021",T20I # 1338
Denmark,Jersey,Jersey,4 wickets,Almeria,"Oct 21, 2021",T20I # 1337
Nigeria,Sierra Leone,Nigeria,69 runs,Lagos,"Oct 21, 2021",T20I # 1336
Malta,Gibraltar,Malta,61 runs,Marsa,"Oct 21, 2021",T20I # 1335
Bangladesh,P.N.G.,Bangladesh,84 runs,Al Amerat,"Oct 21, 2021",T20I # 1334
Germany,Italy,Italy,1 run,Almeria,"Oct 21, 2021",T20I # 1333
Ghana,Uganda,Uganda,79 runs,Rwanda,"Oct 21, 2021",T20I # 1332
Ireland,Sri Lanka,Sri Lanka,70 runs,Abu Dhabi,"Oct 20, 2021",T20I # 1331
Denmark,Germany,Germany,12 runs,Almeria,"Oct 20, 2021",T20I # 1330
Seychelles,Swaziland,Seychelles,7 wickets,Rwanda,"Oct 20, 2021",T20I # 1328
Rwanda,Lesotho,Rwanda,22 runs,Kigali,"Oct 20-21, 2021",T20I # 1329
Namibia,Netherlands,Namibia,6 wickets,Abu Dhabi,"Oct 20, 2021",T20I # 1327
Nigeria,Sierra Leone,Nigeria,6 runs,Lagos,"Oct 20, 2021",T20I # 1326
Italy,Jersey,Jersey,8 wickets,Almeria,"Oct 20, 2021",T20I # 1325
Malawi,Seychelles,Malawi,21 runs,Rwanda,"Oct 20, 2021",T20I # 1323
Ghana,Swaziland,Ghana,7 wickets,Kigali,"Oct 20, 2021",T20I # 1324
Oman,Bangladesh,Bangladesh,26 runs,Al Amerat,"Oct 19, 2021",T20I # 1322
Germany,Jersey,Jersey,4 wickets,Almeria,"Oct 19, 2021",T20I # 1321
Rwanda,Seychelles,Rwanda,78 runs,Rwanda,"Oct 19, 2021",T20I # 1319
Swaziland,Uganda,Uganda,6 wickets,Kigali,"Oct 19, 2021",T20I # 1320
P.N.G.,Scotland,Scotland,17 runs,Al Amerat,"Oct 19, 2021",T20I # 1318
Nigeria,Sierra Leone,Sierra Leone,6 wickets,Lagos,"Oct 19, 2021",T20I # 1317
Denmark,Italy,Italy,9 runs,Almeria,"Oct 19, 2021",T20I # 1316
Ghana,Malawi,Ghana,7 wickets,Rwanda,"Oct 19, 2021",T20I # 1314
Lesotho,Uganda,Uganda,10 wickets,Kigali,"Oct 19, 2021",T20I # 1315
Namibia,Sri Lanka,Sri Lanka,7 wickets,Abu Dhabi,"Oct 18, 2021",T20I # 1313
Ireland,Netherlands,Ireland,7 wickets,Abu Dhabi,"Oct 18, 2021",T20I # 1312
Bangladesh,Scotland,Scotland,6 runs,Al Amerat,"Oct 17, 2021",T20I # 1311
Germany,Italy,Germany,4 wickets,Almeria,"Oct 17, 2021",T20I # 1310
Ghana,Lesotho,Ghana,116 runs,Rwanda,"Oct 17, 2021",T20I # 1308
Rwanda,Uganda,Uganda,106 runs,Kigali,"Oct 17, 2021",T20I # 1309
Oman,P.N.G.,Oman,10 wickets,Al Amerat,"Oct 17, 2021",T20I # 1307
Denmark,Jersey,Jersey,5 runs,Almeria,"Oct 17, 2021",T20I # 1306
Lesotho,Seychelles,Seychelles,6 wickets,Rwanda,"Oct 17, 2021",T20I # 1304
Malawi,Swaziland,Malawi,8 wickets,Kigali,"Oct 17, 2021",T20I # 1305
Italy,Jersey,Jersey,41 runs,Almeria,"Oct 16, 2021",T20I # 1303
Ghana,Seychelles,Ghana,9 wickets,Rwanda,"Oct 16, 2021",T20I # 1301
Malawi,Uganda,Uganda,10 wickets,Kigali,"Oct 16, 2021",T20I # 1302
Denmark,Germany,Germany,6 wickets,Almeria,"Oct 16, 2021",T20I # 1300
Rwanda,Ghana,Ghana,5 wickets,Rwanda,"Oct 16, 2021",T20I # 1298
Lesotho,Swaziland,Swaziland,54 runs,Kigali,"Oct 16, 2021",T20I # 1299
Denmark,Italy,Italy,6 wickets,Almeria,"Oct 15, 2021",T20I # 1297
Germany,Jersey,Jersey,4 runs,Almeria,"Oct 15, 2021",T20I # 1296
Namibia,P.N.G.,Namibia,14 runs,ICCA Dubai,"Oct 10, 2021",T20I # 1295
U.A.E.,Ireland,U.A.E.,7 wickets,ICCA Dubai,"Oct 10, 2021",T20I # 1294
Namibia,Scotland,Namibia,5 wickets,ICCA Dubai,"Oct 9, 2021",T20I # 1293
Estonia,Isle of Man,Isle of Man,8 wickets,Episkopi,"Oct 8, 2021",T20I # 1292
P.N.G.,Scotland,Scotland,8 wickets,ICCA Dubai,"Oct 8, 2021",T20I # 1291
Cyprus,Estonia,Cyprus,39 runs,Episkopi,"Oct 8, 2021",T20I # 1290
U.A.E.,Ireland,U.A.E.,54 runs,ICCA Dubai,"Oct 8, 2021",T20I # 1289
Cyprus,Estonia,Cyprus,79 runs,Episkopi,"Oct 7, 2021",T20I # 1288
Cyprus,Isle of Man,Isle of Man,3 wickets,Episkopi,"Oct 7, 2021",T20I # 1287
U.A.E.,Ireland,Ireland,7 wickets,ICCA Dubai,"Oct 7, 2021",T20I # 1286
Estonia,Isle of Man,Isle of Man,6 wickets,Episkopi,"Oct 6, 2021",T20I # 1285
Cyprus,Isle of Man,Isle of Man,8 wickets,Episkopi,"Oct 6, 2021",T20I # 1284
Cyprus,Estonia,Cyprus,8 wickets,Episkopi,"Oct 5, 2021",T20I # 1283
Cyprus,Estonia,Cyprus,4 wickets,Episkopi,"Oct 5, 2021",T20I # 1282
U.A.E.,Namibia,Namibia,17 runs,ICCA Dubai,"Oct 5, 2021",T20I # 1281
Scotland,Zimbabwe,Zimbabwe,6 wickets,Edinburgh,"Sep 19, 2021",T20I # 1280
Scotland,Zimbabwe,Zimbabwe,10 runs,Edinburgh,"Sep 17, 2021",T20I # 1279
Uganda,Kenya,Uganda,6 runs,Entebbe,"Sep 17, 2021",T20I # 1278
Kenya,Nigeria,Nigeria,4 runs,Entebbe,"Sep 16, 2021",T20I # 1277
Scotland,Zimbabwe,Scotland,7 runs,Edinburgh,"Sep 15, 2021",T20I # 1276
Uganda,Nigeria,Uganda,55 runs,Entebbe,"Sep 15, 2021",T20I # 1275
Uganda,Kenya,Uganda,4 wickets,Entebbe,"Sep 15, 2021",T20I # 1274
Sri Lanka,South Africa,South Africa,10 wickets,Colombo (RPS),"Sep 14, 2021",T20I # 1273
Kenya,Nigeria,Kenya,61 runs,Entebbe,"Sep 13, 2021",T20I # 1272
Uganda,Nigeria,Uganda,8 wickets,Entebbe,"Sep 13, 2021",T20I # 1271
Sri Lanka,South Africa,South Africa,9 wickets,Colombo (RPS),"Sep 12, 2021",T20I # 1270
Spain,Germany,Spain,1 wicket,Almeria,"Sep 11, 2021",T20I # 1269
Uganda,Nigeria,Uganda,56 runs,Entebbe,"Sep 11, 2021",T20I # 1268
Spain,Germany,Spain,5 wickets,Almeria,"Sep 11, 2021",T20I # 1267
Kenya,Nigeria,Kenya,8 wickets,Entebbe,"Sep 11, 2021",T20I # 1266
Sri Lanka,South Africa,South Africa,28 runs,Colombo (RPS),"Sep 10, 2021",T20I # 1265
Uganda,Kenya,Kenya,22 runs,Entebbe,"Sep 10, 2021",T20I # 1264
Bangladesh,New Zealand,New Zealand,27 runs,Mirpur,"Sep 10, 2021",T20I # 1263
Spain,Germany,Germany,7 wickets,Almeria,"Sep 10, 2021",T20I # 1262
Uganda,Kenya,no result,-,Entebbe,"Sep 10, 2021",T20I # 1261
Bangladesh,New Zealand,Bangladesh,6 wickets,Mirpur,"Sep 8, 2021",T20I # 1260
Bangladesh,New Zealand,New Zealand,52 runs,Mirpur,"Sep 5, 2021",T20I # 1258
Hungary,Malta,Hungary,8 wickets,Ilfov County,"Sep 5, 2021",T20I # 1259
Romania,Luxembourg,Romania,33 runs,Ilfov County,"Sep 5, 2021",T20I # 1257
Ireland,Zimbabwe,Zimbabwe,5 runs,Bready,"Sep 4, 2021",T20I # 1256
Romania,Malta,Romania,36 runs,Ilfov County,"Sep 4, 2021",T20I # 1255
Hungary,Luxembourg,Luxembourg,2 runs,Ilfov County,"Sep 4, 2021",T20I # 1254
Bulgaria,Czech Rep.,Czech Rep.,7 wickets,Ilfov County,"Sep 4, 2021",T20I # 1253
Romania,Hungary,Romania,8 runs,Ilfov County,"Sep 3, 2021",T20I # 1252
Bangladesh,New Zealand,Bangladesh,4 runs,Mirpur,"Sep 3, 2021",T20I # 1251
Bulgaria,Malta,Malta,7 wickets,Ilfov County,"Sep 3, 2021",T20I # 1250
Romania,Czech Rep.,Romania,35 runs,Ilfov County,"Sep 3, 2021",T20I # 1249
Ireland,Zimbabwe,Ireland,64 runs,Bready,"Sep 2, 2021",T20I # 1248
Luxembourg,Malta,Luxembourg,4 wickets,Ilfov County,"Sep 2, 2021",T20I # 1247
Czech Rep.,Hungary,Hungary,5 runs,Ilfov County,"Sep 2, 2021",T20I # 1246
Bulgaria,Luxembourg,Luxembourg,62 runs,Ilfov County,"Sep 2, 2021",T20I # 1245
Ireland,Zimbabwe,Ireland,40 runs,Bready,"Sep 1, 2021",T20I # 1244
Bangladesh,New Zealand,Bangladesh,7 wickets,Mirpur,"Sep 1, 2021",T20I # 1243
Ireland,Zimbabwe,Ireland,7 wickets,Dublin,"Aug 29, 2021",T20I # 1242
Ireland,Zimbabwe,Zimbabwe,3 runs,Dublin,"Aug 27, 2021",T20I # 1241
Portugal,Malta,Portugal,3 wickets,Albergaria,"Aug 22, 2021",T20I # 1240
Finland,Sweden,Sweden,6 wickets,Kerava,"Aug 22, 2021",T20I # 1239
Portugal,Gibraltar,Portugal,110 runs,Albergaria,"Aug 22, 2021",T20I # 1238
Finland,Sweden,Sweden,3 wickets,Kerava,"Aug 22, 2021",T20I # 1237
Gibraltar,Malta,Malta,4 runs,Albergaria,"Aug 21, 2021",T20I # 1236
Finland,Sweden,Finland,4 wickets,Kerava,"Aug 21, 2021",T20I # 1235
Rwanda,Ghana,Ghana,7 wickets,Rwanda,"Aug 21, 2021",T20I # 1234
Portugal,Gibraltar,Portugal,96 runs,Albergaria,"Aug 21, 2021",T20I # 1233
Finland,Sweden,Finland,4 wickets,Kerava,"Aug 21, 2021",T20I # 1232
Rwanda,Ghana,Ghana,-,Rwanda,"Aug 20, 2021",T20I # 1231
Gibraltar,Malta,Malta,8 wickets,Albergaria,"Aug 20, 2021",T20I # 1230
Rwanda,Ghana,Rwanda,57 runs,Rwanda,"Aug 20, 2021",T20I # 1229
Portugal,Malta,Portugal,6 wickets,Albergaria,"Aug 19, 2021",T20I # 1228
Rwanda,Ghana,Ghana,2 wickets,Rwanda,"Aug 18, 2021",T20I # 1227
Rwanda,Ghana,Rwanda,1 wicket,Rwanda,"Aug 18, 2021",T20I # 1226
Denmark,Sweden,Denmark,6 wickets,Brondby,"Aug 15, 2021",T20I # 1225
Denmark,Sweden,Sweden,3 wickets,Brondby,"Aug 14, 2021",T20I # 1224
Denmark,Sweden,Denmark,8 runs,Brondby,"Aug 14, 2021",T20I # 1223
Bangladesh,Australia,Bangladesh,60 runs,Mirpur,"Aug 9, 2021",T20I # 1222
Germany,Norway,Germany,6 wickets,Krefeld,"Aug 8, 2021",T20I # 1221
Germany,Norway,Norway,51 runs,Krefeld,"Aug 8, 2021",T20I # 1220
France,Norway,Norway,3 runs,Krefeld,"Aug 7, 2021",T20I # 1219
Bangladesh,Australia,Australia,3 wickets,Mirpur,"Aug 7, 2021",T20I # 1218
Germany,France,Germany,48 runs,Krefeld,"Aug 7, 2021",T20I # 1217
Bangladesh,Australia,Bangladesh,10 runs,Mirpur,"Aug 6, 2021",T20I # 1216
Germany,France,Germany,2 wickets,Krefeld,"Aug 6, 2021",T20I # 1215
France,Norway,France,4 wickets,Krefeld,"Aug 5, 2021",T20I # 1214
Germany,Norway,Germany,5 wickets,Krefeld,"Aug 5, 2021",T20I # 1213
Bangladesh,Australia,Bangladesh,5 wickets,Mirpur,"Aug 4, 2021",T20I # 1212
West Indies,Pakistan,no result,-,Providence,"Aug 3, 2021",T20I # 1211
Bangladesh,Australia,Bangladesh,23 runs,Mirpur,"Aug 3, 2021",T20I # 1210
West Indies,Pakistan,no result,-,Providence,"Aug 1, 2021",T20I # 1209
West Indies,Pakistan,Pakistan,7 runs,Providence,"Jul 31, 2021",T20I # 1208
Sri Lanka,India,Sri Lanka,7 wickets,Colombo (RPS),"Jul 29, 2021",T20I # 1207
Sri Lanka,India,Sri Lanka,4 wickets,Colombo (RPS),"Jul 28, 2021",T20I # 1206
West Indies,Pakistan,no result,-,Bridgetown,"Jul 28, 2021",T20I # 1205
Sri Lanka,India,India,38 runs,Colombo (RPS),"Jul 25, 2021",T20I # 1204
Zimbabwe,Bangladesh,Bangladesh,5 wickets,Harare,"Jul 25, 2021",T20I # 1203
Belgium,Austria,Austria,6 wickets,Waterloo,"Jul 25, 2021",T20I # 1202
Ireland,South Africa,South Africa,49 runs,Belfast,"Jul 24, 2021",T20I # 1201
Belgium,Austria,Belgium,12 runs,Waterloo,"Jul 24, 2021",T20I # 1200
Belgium,Austria,Belgium,7 wickets,Waterloo,"Jul 24, 2021",T20I # 1199
Zimbabwe,Bangladesh,Zimbabwe,23 runs,Harare,"Jul 23, 2021",T20I # 1198
Ireland,South Africa,South Africa,42 runs,Belfast,"Jul 22, 2021",T20I # 1197
Zimbabwe,Bangladesh,Bangladesh,8 wickets,Harare,"Jul 22, 2021",T20I # 1196
England,Pakistan,England,3 wickets,Manchester,"Jul 20, 2021",T20I # 1195
Ireland,South Africa,South Africa,33 runs,Dublin (Malahide),"Jul 19, 2021",T20I # 1194
England,Pakistan,England,45 runs,Leeds,"Jul 18, 2021",T20I # 1193
West Indies,Australia,West Indies,16 runs,Gros Islet,"Jul 16, 2021",T20I # 1192
England,Pakistan,Pakistan,31 runs,Nottingham,"Jul 16, 2021",T20I # 1191
West Indies,Australia,Australia,4 runs,Gros Islet,"Jul 14, 2021",T20I # 1190
West Indies,Australia,West Indies,6 wickets,Gros Islet,"Jul 12, 2021",T20I # 1189
West Indies,Australia,West Indies,56 runs,Gros Islet,"Jul 10, 2021",T20I # 1188
Malta,Belgium,Belgium,39 runs,Marsa,"Jul 10, 2021",T20I # 1187
Malta,Belgium,Malta,-,Marsa,"Jul 10, 2021",T20I # 1186
West Indies,Australia,West Indies,18 runs,Gros Islet,"Jul 9, 2021",T20I # 1185
Malta,Belgium,Belgium,4 wickets,Marsa,"Jul 9, 2021",T20I # 1184
Malta,Belgium,Belgium,10 wickets,Marsa,"Jul 8, 2021",T20I # 1183
Malta,Belgium,Malta,6 wickets,Marsa,"Jul 8, 2021",T20I # 1182
West Indies,South Africa,South Africa,25 runs,St George's,"Jul 3, 2021",T20I # 1181
West Indies,South Africa,West Indies,21 runs,St George's,"Jul 1, 2021",T20I # 1180
West Indies,South Africa,South Africa,1 run,St George's,"Jun 29, 2021",T20I # 1179
West Indies,South Africa,South Africa,16 runs,St George's,"Jun 27, 2021",T20I # 1178
Bulgaria,Romania,Romania,7 wickets,Sofia,"Jun 27, 2021",T20I # 1177
West Indies,South Africa,West Indies,8 wickets,St George's,"Jun 26, 2021",T20I # 1176
Bulgaria,Greece,no result,-,Sofia,"Jun 26, 2021",T20I # 1175
England,Sri Lanka,England,89 runs,Southampton,"Jun 26, 2021",T20I # 1174
Romania,Serbia,Romania,10 wickets,Sofia,"Jun 26, 2021",T20I # 1173
Bulgaria,Greece,Bulgaria,64 runs,Sofia,"Jun 26, 2021",T20I # 1172
Romania,Serbia,Romania,91 runs,Sofia,"Jun 25, 2021",T20I # 1171
Bulgaria,Romania,Romania,7 wickets,Sofia,"Jun 25, 2021",T20I # 1170
Greece,Serbia,Greece,5 wickets,Sofia,"Jun 25, 2021",T20I # 1169
England,Sri Lanka,England,5 wickets,Cardiff,"Jun 24, 2021",T20I # 1168
Greece,Romania,Romania,3 wickets,Sofia,"Jun 24, 2021",T20I # 1167
Bulgaria,Serbia,Bulgaria,61 runs,Sofia,"Jun 24, 2021",T20I # 1166
England,Sri Lanka,England,8 wickets,Cardiff,"Jun 23, 2021",T20I # 1165
Czech Rep.,Austria,Austria,4 wickets,Vinor,"May 23, 2021",T20I # 1164
Austria,Luxembourg,Luxembourg,5 wickets,Vinor,"May 23, 2021",T20I # 1163
Czech Rep.,Luxembourg,Luxembourg,6 wickets,Vinor,"May 22, 2021",T20I # 1162
Czech Rep.,Austria,Austria,78 runs,Vinor,"May 22, 2021",T20I # 1161
Austria,Luxembourg,Austria,5 runs,Vinor,"May 21, 2021",T20I # 1160
Czech Rep.,Luxembourg,Czech Rep.,9 wickets,Vinor,"May 21, 2021",T20I # 1159
Zimbabwe,Pakistan,Pakistan,24 runs,Harare,"Apr 25, 2021",T20I # 1158
Nepal,Netherlands,Nepal,142 runs,Kirtipur,"Apr 24, 2021",T20I # 1157
Zimbabwe,Pakistan,Zimbabwe,19 runs,Harare,"Apr 23, 2021",T20I # 1156
Nepal,Malaysia,Nepal,69 runs,Kirtipur,"Apr 22, 2021",T20I # 1155
Zimbabwe,Pakistan,Pakistan,11 runs,Harare,"Apr 21, 2021",T20I # 1154
Malaysia,Netherlands,tied,-,Kirtipur,"Apr 21, 2021",T20I # 1153
Nepal,Netherlands,Netherlands,3 wickets,Kirtipur,"Apr 20, 2021",T20I # 1152
Nepal,Malaysia,Nepal,9 wickets,Kirtipur,"Apr 19, 2021",T20I # 1151
Malaysia,Netherlands,Netherlands,15 runs,Kirtipur,"Apr 18, 2021",T20I # 1150
Nepal,Netherlands,Nepal,9 wickets,Kirtipur,"Apr 17, 2021",T20I # 1149
South Africa,Pakistan,Pakistan,3 wickets,Centurion,"Apr 16, 2021",T20I # 1148
South Africa,Pakistan,Pakistan,9 wickets,Centurion,"Apr 14, 2021",T20I # 1147
South Africa,Pakistan,South Africa,6 wickets,Johannesburg,"Apr 12, 2021",T20I # 1146
South Africa,Pakistan,Pakistan,4 wickets,Johannesburg,"Apr 10, 2021",T20I # 1145
Namibia,Uganda,Namibia,65 runs,Windhoek,"Apr 5, 2021",T20I # 1144
Namibia,Uganda,Namibia,20 runs,Windhoek,"Apr 5, 2021",T20I # 1143
Namibia,Uganda,Namibia,7 wickets,Windhoek,"Apr 3, 2021",T20I # 1142
New Zealand,Bangladesh,New Zealand,65 runs,Auckland,"Apr 1, 2021",T20I # 1141
New Zealand,Bangladesh,New Zealand,28 runs,Napier,"Mar 30, 2021",T20I # 1140
New Zealand,Bangladesh,New Zealand,66 runs,Hamilton,"Mar 28, 2021",T20I # 1139
India,England,India,36 runs,Ahmedabad,"Mar 20, 2021",T20I # 1138
Afghanistan,Zimbabwe,Afghanistan,47 runs,Abu Dhabi,"Mar 20, 2021",T20I # 1137
Afghanistan,Zimbabwe,Afghanistan,45 runs,Abu Dhabi,"Mar 19, 2021",T20I # 1136
India,England,India,8 runs,Ahmedabad,"Mar 18, 2021",T20I # 1135
Afghanistan,Zimbabwe,Afghanistan,48 runs,Abu Dhabi,"Mar 17, 2021",T20I # 1134
India,England,England,8 wickets,Ahmedabad,"Mar 16, 2021",T20I # 1133
India,England,India,7 wickets,Ahmedabad,"Mar 14, 2021",T20I # 1132
India,England,England,8 wickets,Ahmedabad,"Mar 12, 2021",T20I # 1131
West Indies,Sri Lanka,West Indies,3 wickets,Coolidge,"Mar 7, 2021",T20I # 1130
New Zealand,Australia,New Zealand,7 wickets,Wellington,"Mar 7, 2021",T20I # 1129
West Indies,Sri Lanka,Sri Lanka,43 runs,Coolidge,"Mar 5, 2021",T20I # 1128
New Zealand,Australia,Australia,50 runs,Wellington,"Mar 5, 2021",T20I # 1127
West Indies,Sri Lanka,West Indies,4 wickets,Coolidge,"Mar 3, 2021",T20I # 1126
New Zealand,Australia,Australia,64 runs,Wellington,"Mar 3, 2021",T20I # 1125
New Zealand,Australia,New Zealand,4 runs,Dunedin,"Feb 25, 2021",T20I # 1124
New Zealand,Australia,New Zealand,53 runs,Christchurch,"Feb 22, 2021",T20I # 1123
Pakistan,South Africa,Pakistan,4 wickets,Lahore,"Feb 14, 2021",T20I # 1122
Pakistan,South Africa,South Africa,6 wickets,Lahore,"Feb 13, 2021",T20I # 1121
Pakistan,South Africa,Pakistan,3 runs,Lahore,"Feb 11, 2021",T20I # 1120
